"Date","Price","Open","High","Low","Vol.","Change %"
"07/19/2023","1,730.00","1,730.00","1,730.00","1,730.00","","0.00%"
"07/18/2023","1,730.00","1,715.00","1,730.00","1,710.00","0.16K","-0.40%"
"07/17/2023","1,737.00","1,750.00","1,750.00","1,730.00","2.70K","-0.74%"
"07/14/2023","1,750.00","1,750.00","1,750.00","1,740.00","0.02K","1.38%"
"07/13/2023","1,726.20","1,750.00","1,769.00","1,726.01","0.16K","-1.36%"
"07/12/2023","1,749.99","1,769.00","1,769.00","1,749.99","0.16K","2.94%"
"07/11/2023","1,700.00","1,780.00","1,780.00","1,700.00","3.28K","-3.02%"
"07/10/2023","1,753.00","1,701.00","1,753.00","1,701.00","0.10K","-0.40%"
"07/07/2023","1,760.00","1,745.01","1,774.99","1,745.01","0.12K","0.00%"
"07/06/2023","1,760.00","1,754.01","1,798.40","1,754.01","0.08K","-1.90%"
"07/05/2023","1,794.00","1,794.00","1,794.00","1,794.00","0.02K","2.51%"
"07/04/2023","1,750.00","1,750.00","1,750.00","1,750.00","0.01K","-2.78%"
"07/03/2023","1,800.00","1,790.00","1,800.00","1,790.00","0.44K","0.00%"
"06/27/2023","1,800.00","1,810.00","1,810.00","1,725.00","0.34K","-1.37%"
"06/26/2023","1,825.00","1,651.00","1,825.00","1,650.00","0.80K","1.67%"
"06/23/2023","1,795.00","1,700.00","1,795.00","1,700.00","0.18K","6.02%"
"06/22/2023","1,693.00","1,725.10","1,725.10","1,693.00","0.20K","-3.26%"
"06/21/2023","1,750.00","1,774.90","1,774.90","1,750.00","0.22K","-5.41%"
"06/20/2023","1,850.00","1,790.00","1,850.00","1,770.00","1.54K","6.57%"
"06/19/2023","1,736.00","1,711.11","1,738.00","1,711.11","0.06K","-3.56%"
"06/16/2023","1,800.00","1,800.00","1,800.00","1,800.00","0.04K","0.00%"
"06/15/2023","1,800.00","1,800.00","1,920.00","1,755.00","3.20K","-2.44%"
"06/14/2023","1,845.00","1,740.00","1,845.00","1,729.90","1.02K","6.04%"
"06/13/2023","1,739.99","1,740.00","1,740.00","1,704.00","0.46K","-0.57%"
"06/12/2023","1,750.00","1,660.06","1,755.00","1,660.06","0.42K","2.94%"
"06/09/2023","1,700.00","1,660.00","1,700.00","1,660.00","0.16K","-1.48%"
"06/08/2023","1,725.50","1,730.00","1,741.10","1,725.50","0.28K","0.03%"
"06/07/2023","1,725.00","1,680.00","1,780.00","1,640.00","0.94K","3.67%"
"06/06/2023","1,664.00","1,689.00","1,689.00","1,664.00","0.08K","2.09%"
"06/05/2023","1,630.00","1,620.00","1,690.00","1,620.00","0.34K","-3.78%"
"06/02/2023","1,694.00","1,694.00","1,694.00","1,694.00","0.02K","2.98%"
"05/31/2023","1,645.00","1,640.00","1,646.00","1,640.00","0.06K","-2.81%"
"05/30/2023","1,692.50","1,635.00","1,692.50","1,635.00","0.24K","3.52%"
"05/29/2023","1,635.00","1,694.75","1,697.80","1,620.01","0.58K","-2.39%"
"05/26/2023","1,675.00","1,695.00","1,695.00","1,675.00","0.20K","4.29%"
"05/25/2023","1,606.06","1,650.00","1,650.00","1,606.06","0.06K","-4.40%"
"05/24/2023","1,680.00","1,680.00","1,680.00","1,680.00","0.04K","0.00%"
"05/23/2023","1,680.00","1,650.00","1,680.00","1,650.00","0.10K","2.13%"
"05/22/2023","1,645.00","1,650.00","1,650.00","1,645.00","0.12K","-0.30%"
"05/19/2023","1,650.00","1,648.95","1,650.00","1,648.95","0.08K","1.54%"
"05/18/2023","1,625.00","1,594.11","1,625.00","1,594.11","0.24K","-2.99%"
"05/17/2023","1,675.00","1,670.00","1,675.00","1,670.00","0.04K","-1.47%"
"05/16/2023","1,699.99","1,700.00","1,700.00","1,572.50","0.72K","0.00%"
"05/15/2023","1,700.00","1,700.00","1,700.00","1,700.00","0.08K","0.00%"
"05/11/2023","1,700.00","1,641.51","1,700.00","1,641.51","0.04K","-2.30%"
"05/09/2023","1,740.00","1,740.00","1,740.35","1,740.00","0.12K","0.00%"
"05/03/2023","1,740.00","1,769.00","1,769.00","1,740.00","0.08K","2.35%"
"05/02/2023","1,700.00","1,701.20","1,710.11","1,700.00","0.24K","-4.49%"
"04/20/2023","1,780.00","1,780.00","1,780.00","1,780.00","0.08K","0.00%"
"04/18/2023","1,780.00","1,780.00","1,780.00","1,780.00","0.02K","1.14%"
"04/17/2023","1,760.00","1,760.00","1,760.00","1,760.00","0.04K","0.00%"
"04/13/2023","1,760.00","1,760.00","1,760.00","1,760.00","0.02K","1.73%"
"04/12/2023","1,730.01","1,730.01","1,730.01","1,730.01","0.04K","0.00%"
"04/11/2023","1,730.01","1,730.01","1,730.01","1,730.01","0.04K","-5.72%"
"04/05/2023","1,835.00","1,835.00","1,835.00","1,835.00","0.02K","-8.93%"
"04/03/2023","2,015.00","2,015.00","2,015.00","2,015.00","0.20K","-3.35%"
"03/31/2023","2,084.87","1,950.00","2,084.87","1,950.00","0.70K","15.19%"
"03/30/2023","1,810.00","1,880.00","1,988.47","1,810.00","0.88K","-2.16%"
"03/29/2023","1,850.00","1,870.00","1,870.00","1,850.00","0.14K","-1.54%"
"03/28/2023","1,879.00","1,879.00","1,879.00","1,879.00","0.02K","7.37%"
"03/27/2023","1,750.00","1,750.00","1,750.00","1,750.00","0.04K","0.00%"
"03/24/2023","1,750.00","1,750.00","1,750.00","1,750.00","0.24K","-2.51%"
"03/21/2023","1,795.00","1,795.00","1,795.00","1,795.00","0.02K","0.00%"
"03/20/2023","1,795.00","1,752.00","1,795.00","1,752.00","0.04K","-0.28%"
"03/17/2023","1,800.00","1,800.00","1,800.00","1,800.00","0.02K","0.00%"
"03/14/2023","1,800.00","1,799.00","1,800.00","1,799.00","0.08K","-1.91%"
"03/10/2023","1,835.00","1,880.00","1,880.00","1,787.00","0.06K","2.80%"
"03/08/2023","1,785.00","1,875.00","1,879.00","1,755.00","0.24K","2.00%"
"03/06/2023","1,750.00","1,750.00","1,750.00","1,750.00","0.10K","2.94%"
"03/02/2023","1,700.00","1,750.00","1,750.00","1,601.00","0.40K","-1.73%"
"03/01/2023","1,730.00","1,730.00","1,730.00","1,730.00","0.04K","-1.14%"
"02/28/2023","1,750.00","1,820.01","1,820.01","1,750.00","10.98K","-3.31%"
"02/27/2023","1,810.00","1,830.00","1,899.00","1,805.01","1.10K","-7.93%"
"02/24/2023","1,966.00","1,829.00","1,966.00","1,829.00","0.40K","7.49%"
"02/23/2023","1,828.99","1,790.00","1,828.99","1,770.01","0.54K","-0.60%"
"02/22/2023","1,839.99","1,789.99","1,839.99","1,789.00","0.08K","-0.33%"
"02/20/2023","1,846.00","1,841.06","1,845.00","1,840.75","0.16K","-7.24%"
"02/17/2023","1,989.99","2,009.00","2,009.00","1,989.99","0.04K","6.13%"
"02/16/2023","1,875.00","2,015.00","2,015.00","1,770.00","0.16K","-0.27%"
"02/15/2023","1,880.00","1,932.90","1,932.90","1,775.00","0.14K","4.44%"
"02/14/2023","1,800.00","1,670.01","1,800.00","1,670.00","0.14K","0.00%"
"02/08/2023","1,800.00","1,805.00","1,805.00","1,800.00","0.04K","-0.28%"
"02/07/2023","1,805.00","1,805.00","1,805.00","1,805.00","0.02K","0.28%"
"02/06/2023","1,800.00","1,800.00","1,800.00","1,800.00","0.04K","0.28%"
"02/03/2023","1,795.00","1,800.00","1,800.00","1,795.00","0.04K","2.69%"
"01/31/2023","1,748.00","1,750.00","1,750.00","1,748.00","0.14K","2.12%"
"01/27/2023","1,711.76","1,711.76","1,711.76","1,711.76","0.02K","-0.23%"
"01/26/2023","1,715.71","1,680.00","1,715.71","1,650.00","0.94K","7.50%"
"01/23/2023","1,596.01","1,700.00","1,700.00","1,596.01","0.04K","-7.48%"
"01/17/2023","1,725.00","1,750.00","1,750.00","1,725.00","0.16K","0.00%"
"01/16/2023","1,725.00","1,725.00","1,725.00","1,725.00","0.02K","-6.76%"
"01/11/2023","1,850.02","1,850.02","1,850.02","1,850.02","0.02K","0.00%"
"01/10/2023","1,850.01","1,850.00","1,943.00","1,850.00","0.08K","-0.06%"
"01/09/2023","1,851.21","1,851.21","1,851.21","1,851.21","0.02K","-4.97%"
"01/05/2023","1,948.00","1,875.00","1,948.00","1,856.00","0.22K","-2.89%"
"01/03/2023","2,006.00","2,006.00","2,006.00","2,006.00","0.02K","0.20%"
"01/02/2023","2,002.00","2,023.00","2,099.00","2,001.05","0.74K","-3.75%"
"12/30/2022","2,080.00","2,024.00","2,209.48","2,024.00","0.82K","1.71%"
"12/29/2022","2,045.00","1,965.00","2,120.00","1,935.00","1.10K","0.68%"
"12/28/2022","2,031.18","1,748.02","2,031.18","1,747.95","16.54K","7.53%"
"12/27/2022","1,889.00","1,839.00","1,890.00","1,839.00","0.12K","3.51%"
"12/26/2022","1,825.00","1,744.99","1,825.00","1,700.00","0.08K","4.59%"
"12/23/2022","1,744.99","1,650.00","1,744.99","1,650.00","0.04K","1.16%"
"12/22/2022","1,725.00","1,725.00","1,725.00","1,725.00","0.02K","4.55%"
"12/21/2022","1,650.00","1,630.00","1,650.00","1,630.00","0.10K","0.00%"
"12/20/2022","1,649.99","1,471.00","1,649.99","1,471.00","0.36K","6.38%"
"12/19/2022","1,551.00","1,551.00","1,551.00","1,551.00","0.02K","-6.00%"
"12/15/2022","1,650.00","1,650.00","1,650.00","1,650.00","0.04K","0.00%"
"12/14/2022","1,650.00","1,700.00","1,700.00","1,650.00","0.34K","0.00%"
"12/13/2022","1,650.00","1,651.00","1,651.00","1,650.00","0.24K","-2.94%"
"12/09/2022","1,700.00","1,700.00","1,700.00","1,700.00","0.02K","0.00%"
"12/08/2022","1,700.00","1,700.00","1,799.99","1,650.00","2.60K","0.00%"
"12/07/2022","1,700.00","1,735.00","1,735.00","1,700.00","0.56K","-5.56%"
"12/06/2022","1,800.00","1,800.00","1,800.00","1,800.00","0.02K","0.00%"
"12/02/2022","1,800.00","1,800.00","1,800.00","1,800.00","0.02K","-0.06%"
"11/24/2022","1,801.00","1,850.00","1,889.90","1,801.00","0.06K","0.06%"
"11/23/2022","1,800.00","1,800.00","1,800.00","1,800.00","0.02K","-4.26%"
"11/17/2022","1,880.00","1,900.00","1,900.00","1,880.00","0.12K","-1.05%"
"11/16/2022","1,900.00","1,960.00","1,960.00","1,900.00","0.10K","0.53%"
"11/15/2022","1,890.00","1,910.00","1,924.00","1,890.00","0.16K","-0.58%"
"11/14/2022","1,901.00","1,900.00","1,901.00","1,900.00","0.14K","0.00%"
"11/11/2022","1,901.00","1,980.00","1,980.00","1,901.00","0.08K","-4.95%"
"11/04/2022","2,000.00","1,985.99","2,000.00","1,985.99","0.42K","0.91%"
"11/03/2022","1,982.00","1,982.00","1,995.00","1,954.50","0.20K","-7.17%"
"11/02/2022","2,135.00","2,092.00","2,135.00","2,090.01","0.16K","1.67%"
"11/01/2022","2,100.00","2,150.00","2,150.00","2,080.11","3.38K","-0.33%"
"10/31/2022","2,106.88","2,106.88","2,106.88","2,106.88","0.10K","7.49%"
"10/28/2022","1,960.00","1,960.00","1,960.00","1,960.00","0.04K","-6.67%"
"10/27/2022","2,100.00","2,110.00","2,110.00","2,068.11","0.36K","-6.67%"
"10/11/2022","2,250.00","2,126.11","2,250.00","2,126.11","0.12K","-2.11%"
"10/07/2022","2,298.44","2,128.02","2,298.44","2,128.02","0.08K","-0.07%"
"10/03/2022","2,300.00","2,300.00","2,300.00","2,300.00","0.02K","-3.97%"
"09/30/2022","2,395.00","2,395.00","2,395.00","2,395.00","0.12K","4.63%"
"09/28/2022","2,289.00","2,289.00","2,289.00","2,289.00","0.02K","4.05%"
"09/16/2022","2,200.00","1,897.00","2,200.00","1,897.00","0.14K","5.26%"
"09/07/2022","2,090.00","2,090.00","2,090.00","2,090.00","0.04K","-0.98%"
"08/26/2022","2,110.68","2,000.00","2,134.47","2,000.00","2.40K","6.30%"
"08/24/2022","1,985.56","1,900.00","1,999.99","1,900.00","0.14K","0.28%"
"08/22/2022","1,980.00","1,980.00","1,980.00","1,980.00","0.02K","-1.00%"
"08/18/2022","2,000.00","1,999.00","2,000.00","1,831.00","0.60K","2.82%"
"08/17/2022","1,945.11","1,945.00","1,945.11","1,945.00","0.44K","0.00%"
"08/05/2022","1,945.11","1,950.10","1,950.10","1,945.11","0.20K","-7.38%"
"08/03/2022","2,100.00","2,100.00","2,100.00","2,100.00","0.06K","-2.33%"
"08/02/2022","2,150.00","2,150.00","2,150.00","2,150.00","0.02K","6.97%"
"08/01/2022","2,010.00","2,010.00","2,010.00","2,010.00","0.04K","-7.46%"
"07/28/2022","2,172.00","2,172.00","2,172.00","2,172.00","0.02K","7.42%"
"07/27/2022","2,022.00","2,022.00","2,022.00","2,022.00","0.02K","-6.54%"
"07/25/2022","2,163.58","2,499.99","2,499.99","2,163.58","0.20K","-7.50%"
"07/21/2022","2,339.00","2,339.00","2,339.00","2,339.00","0.02K","7.17%"
"07/15/2022","2,182.56","2,175.56","2,190.00","2,175.56","0.28K","-7.13%"
"07/14/2022","2,350.00","2,350.00","2,350.00","2,350.00","0.10K","-0.84%"
"07/01/2022","2,370.00","2,370.00","2,370.00","2,370.00","0.02K","-0.42%"
"06/30/2022","2,379.94","2,340.00","2,400.00","2,310.00","2.90K","2.35%"
"06/29/2022","2,325.40","2,290.00","2,329.99","2,250.00","1.10K","1.63%"
"06/28/2022","2,288.00","2,180.00","2,290.00","2,166.67","0.48K","7.27%"
"06/27/2022","2,132.90","2,080.00","2,154.99","2,080.00","2.16K","6.40%"
"06/24/2022","2,004.66","2,004.66","2,004.66","2,004.66","0.10K","-7.48%"
"06/23/2022","2,166.83","2,000.25","2,167.48","2,000.25","0.36K","7.46%"
"06/22/2022","2,016.50","2,016.50","2,016.50","2,016.50","2.50K","0.00%"
"06/21/2022","2,016.50","1,870.00","2,050.00","1,870.00","3.70K","-0.24%"
"06/17/2022","2,021.25","2,042.50","2,042.50","2,000.00","0.04K","6.38%"
"06/16/2022","1,900.00","1,900.00","1,900.00","1,900.00","0.02K","2.70%"
"06/15/2022","1,850.00","1,850.00","1,850.00","1,850.00","0.22K","2.78%"
"06/07/2022","1,800.00","1,800.00","1,800.00","1,800.00","0.02K","1.60%"
"06/06/2022","1,771.59","1,710.00","1,800.00","1,710.00","0.76K","3.60%"
"06/03/2022","1,710.00","1,710.00","1,710.00","1,710.00","0.04K","-0.76%"
"06/02/2022","1,723.15","1,771.00","1,771.00","1,715.00","0.60K","-6.86%"
"06/01/2022","1,850.00","1,850.00","1,850.00","1,850.00","0.12K","-2.63%"
"05/27/2022","1,899.99","1,899.99","1,899.99","1,899.99","0.08K","0.00%"
"05/25/2022","1,899.99","1,899.99","1,899.99","1,899.99","0.02K","0.00%"
"05/23/2022","1,900.00","1,900.00","1,900.00","1,900.00","0.02K","-4.95%"
"05/19/2022","1,999.00","1,855.00","1,999.00","1,850.00","0.14K","-0.05%"
"05/16/2022","2,000.00","2,000.00","2,000.00","2,000.00","0.04K","-4.76%"
"05/13/2022","2,100.00","2,099.99","2,100.00","2,099.99","0.36K","0.00%"
"05/12/2022","2,099.99","2,099.99","2,099.99","2,099.99","0.20K","0.96%"
"05/10/2022","2,080.00","2,080.00","2,080.00","2,080.00","0.02K","-7.14%"
"04/28/2022","2,239.92","2,239.00","2,240.00","2,239.00","0.24K","-0.23%"
"04/26/2022","2,245.00","2,128.05","2,245.00","2,128.05","0.28K","-2.39%"
"04/25/2022","2,299.99","2,205.00","2,299.99","2,200.00","2.60K","4.54%"
"04/22/2022","2,200.00","2,200.00","2,200.00","2,200.00","0.10K","0.06%"
"04/21/2022","2,198.75","2,195.00","2,200.00","2,195.00","0.40K","-0.96%"
"04/14/2022","2,220.01","2,220.01","2,220.01","2,220.01","0.02K","-7.50%"
"04/13/2022","2,400.00","2,400.00","2,400.00","2,400.00","0.02K","0.00%"
"04/12/2022","2,400.00","2,300.00","2,400.00","2,300.00","0.14K","-3.40%"
"04/11/2022","2,484.39","2,475.00","2,490.00","2,475.00","0.50K","6.21%"
"04/08/2022","2,339.20","2,260.00","2,349.00","2,260.00","0.22K","3.54%"
"04/06/2022","2,259.20","2,150.00","2,300.00","2,132.00","0.20K","-1.95%"
"04/01/2022","2,304.02","2,301.56","2,370.00","2,272.53","0.18K","-5.04%"
"03/31/2022","2,426.43","2,275.00","2,456.37","2,275.00","1.16K","6.19%"
"03/30/2022","2,285.00","2,299.99","2,299.99","2,090.00","2.72K","1.56%"
"03/29/2022","2,249.99","2,249.99","2,249.99","2,249.99","0.02K","7.14%"
"03/25/2022","2,100.00","2,100.00","2,100.00","2,100.00","1.02K","-1.18%"
"03/18/2022","2,125.00","2,240.00","2,250.00","2,125.00","0.26K","-6.31%"
"03/16/2022","2,268.00","2,180.00","2,268.00","2,175.00","0.84K","4.13%"
"03/15/2022","2,177.99","1,940.02","2,180.00","1,940.02","0.62K","4.27%"
"03/14/2022","2,088.88","2,149.99","2,149.99","2,088.88","0.06K","2.40%"
"03/11/2022","2,040.00","2,185.00","2,185.00","2,040.00","0.06K","-0.87%"
"03/10/2022","2,057.98","2,199.00","2,199.00","2,057.98","0.06K","-0.90%"
"03/09/2022","2,076.67","1,951.03","2,185.00","1,936.00","0.30K","-0.76%"
"03/08/2022","2,092.49","2,010.00","2,092.49","1,989.11","0.16K","-2.67%"
"03/07/2022","2,150.00","2,198.00","2,198.00","1,975.05","0.24K","0.84%"
"03/04/2022","2,132.16","2,155.00","2,255.00","2,100.00","0.30K","-4.84%"
"03/03/2022","2,240.50","2,200.00","2,250.00","2,101.00","1.06K","0.97%"
"03/01/2022","2,219.08","2,000.00","2,249.95","2,000.00","14.66K","5.67%"
"02/25/2022","2,100.00","1,990.00","2,100.00","1,990.00","0.04K","5.53%"
"02/24/2022","1,990.00","1,999.00","1,999.00","1,980.00","0.30K","-5.19%"
"02/22/2022","2,099.00","2,099.00","2,099.00","2,099.00","0.02K","-0.10%"
"02/21/2022","2,101.13","2,101.31","2,101.33","2,100.00","0.16K","0.01%"
"02/18/2022","2,101.00","2,100.00","2,197.00","2,100.00","1.10K","-3.29%"
"02/15/2022","2,172.50","2,199.99","2,199.99","2,170.00","0.10K","3.04%"
"02/14/2022","2,108.33","2,025.00","2,149.99","2,025.00","0.06K","-1.94%"
"02/11/2022","2,150.00","2,100.00","2,150.00","2,100.00","0.66K","2.38%"
"02/10/2022","2,100.00","2,100.00","2,100.00","2,100.00","0.14K","-2.32%"
"02/09/2022","2,149.80","2,149.00","2,150.00","2,149.00","0.20K","4.87%"
"02/07/2022","2,050.00","2,050.00","2,050.00","2,050.00","0.04K","0.00%"
"02/03/2022","2,050.00","2,050.00","2,050.00","2,050.00","0.10K","2.50%"
"02/02/2022","2,000.00","2,000.00","2,000.00","2,000.00","0.16K","-0.08%"
"02/01/2022","2,001.56","1,986.90","2,146.44","1,986.90","0.26K","-6.82%"
"01/31/2022","2,148.00","2,148.00","2,148.00","2,148.00","0.02K","7.45%"
"01/26/2022","1,999.00","1,999.00","1,999.00","1,999.00","0.02K","5.10%"
"01/19/2022","1,902.00","2,000.00","2,000.00","1,900.00","0.12K","-4.90%"
"01/18/2022","2,000.00","2,000.00","2,000.00","2,000.00","0.02K","-4.76%"
"01/17/2022","2,099.90","2,197.95","2,197.95","2,099.90","0.04K","-3.23%"
"01/14/2022","2,170.00","2,201.00","2,201.00","2,022.00","0.10K","-0.69%"
"01/13/2022","2,185.00","2,020.00","2,185.00","2,020.00","0.04K","0.14%"
"01/11/2022","2,181.92","2,100.00","2,195.00","2,100.00","0.86K","-0.99%"
"01/07/2022","2,203.70","2,203.70","2,203.70","2,203.70","0.04K","7.50%"
"01/06/2022","2,050.00","2,050.00","2,050.00","2,050.00","0.52K","-1.91%"
"01/05/2022","2,090.00","2,149.00","2,149.00","2,090.00","0.06K","2.50%"
"01/04/2022","2,039.00","1,930.00","2,039.00","1,930.00","0.06K","1.44%"
"01/03/2022","2,010.00","2,080.00","2,080.00","2,010.00","0.06K","-7.42%"
"12/31/2021","2,171.15","1,999.99","2,190.00","1,999.99","5.08K","3.39%"
"12/29/2021","2,099.99","2,099.99","2,099.99","2,099.99","0.02K","6.06%"
"12/24/2021","1,980.00","1,980.00","1,980.00","1,980.00","0.10K","0.28%"
"12/22/2021","1,974.46","1,910.03","1,975.00","1,900.00","2.86K","-1.28%"
"12/20/2021","2,000.00","2,000.00","2,000.00","2,000.00","0.08K","-2.18%"
"12/17/2021","2,044.65","2,044.65","2,044.65","2,044.65","0.02K","7.50%"
"12/16/2021","1,902.00","1,900.00","1,902.00","1,900.00","0.06K","-0.02%"
"12/15/2021","1,902.38","1,780.00","1,908.12","1,780.00","2.96K","7.18%"
"12/14/2021","1,775.00","1,775.00","1,775.00","1,775.00","0.14K","1.62%"
"12/13/2021","1,746.62","1,799.99","1,799.99","1,711.10","1.06K","-5.08%"
"12/02/2021","1,840.00","1,876.00","1,876.00","1,840.00","0.24K","-1.87%"
"11/29/2021","1,875.00","1,875.00","1,875.00","1,875.00","0.20K","-1.31%"
"11/26/2021","1,899.85","1,890.00","1,899.99","1,885.00","0.18K","0.52%"
"11/24/2021","1,890.00","1,910.00","1,910.00","1,890.00","1.68K","0.27%"
"11/23/2021","1,885.00","1,885.00","1,885.00","1,885.00","0.28K","-0.79%"
"11/22/2021","1,900.00","1,850.00","2,010.00","1,850.00","0.20K","1.60%"
"11/19/2021","1,870.00","1,880.00","1,880.00","1,870.00","0.50K","-0.53%"
"11/18/2021","1,880.00","1,920.00","1,920.00","1,875.00","0.20K","-1.05%"
"11/16/2021","1,900.00","1,940.00","1,940.00","1,900.00","0.20K","-0.47%"
"11/15/2021","1,909.00","1,840.00","1,910.31","1,840.00","1.60K","3.24%"
"11/12/2021","1,849.17","1,855.00","1,855.00","1,845.00","0.24K","-0.31%"
"11/11/2021","1,855.00","1,861.00","1,861.00","1,850.00","0.80K","-0.34%"
"11/10/2021","1,861.25","1,845.00","1,890.00","1,825.00","4.10K","1.99%"
"11/09/2021","1,825.00","1,770.00","1,825.00","1,770.00","0.04K","-3.44%"
"11/08/2021","1,890.00","1,788.88","1,890.00","1,788.88","8.84K","2.27%"
"11/04/2021","1,848.00","1,799.99","1,850.00","1,775.01","0.32K","-1.44%"
"11/03/2021","1,875.01","1,860.00","1,900.00","1,840.01","5.54K","0.81%"
"11/02/2021","1,860.00","1,835.00","1,860.00","1,835.00","0.60K","1.09%"
"11/01/2021","1,840.00","1,800.01","1,855.13","1,800.01","0.32K","-0.82%"
"10/29/2021","1,855.13","1,800.00","1,900.00","1,800.00","7.78K","3.38%"
"10/28/2021","1,794.50","1,750.00","1,800.00","1,750.00","5.32K","1.67%"
"10/27/2021","1,765.00","1,902.00","1,902.00","1,760.00","0.10K","-0.26%"
"10/26/2021","1,769.59","1,750.00","1,770.00","1,750.00","2.34K","1.12%"
"10/25/2021","1,750.00","1,719.99","1,750.00","1,719.99","2.04K","1.74%"
"10/21/2021","1,720.00","1,615.00","1,720.00","1,600.00","0.62K","1.12%"
"10/18/2021","1,701.00","1,650.00","1,701.00","1,650.00","0.56K","0.12%"
"10/11/2021","1,699.00","1,699.00","1,699.00","1,699.00","0.06K","0.00%"
"10/08/2021","1,699.00","1,699.00","1,699.00","1,699.00","0.10K","-0.06%"
"10/07/2021","1,700.00","1,700.00","1,710.00","1,700.00","0.26K","0.00%"
"10/06/2021","1,700.00","1,700.00","1,700.00","1,700.00","0.04K","0.00%"
"10/05/2021","1,700.00","1,700.00","1,700.00","1,700.00","0.46K","0.00%"
"10/04/2021","1,700.00","1,700.00","1,700.00","1,700.00","0.40K","-3.59%"
"10/01/2021","1,763.33","1,739.90","1,770.00","1,739.90","0.44K","-0.57%"
"09/30/2021","1,773.41","1,601.00","1,788.33","1,601.00","5.24K","6.60%"
"09/29/2021","1,663.57","1,600.00","1,699.00","1,600.00","0.20K","5.19%"
"09/28/2021","1,581.46","1,605.00","1,675.00","1,511.00","0.52K","-1.16%"
"09/27/2021","1,600.00","1,580.00","1,600.00","1,573.11","0.18K","-5.88%"
"09/22/2021","1,700.00","1,600.00","1,700.00","1,600.00","0.04K","0.59%"
"09/21/2021","1,690.00","1,650.00","1,690.00","1,576.12","0.38K","-0.59%"
"09/20/2021","1,700.00","1,700.00","1,700.00","1,700.00","0.12K","0.00%"
"09/15/2021","1,700.00","1,650.00","1,700.00","1,650.00","0.72K","-0.07%"
"09/14/2021","1,701.12","1,700.00","1,750.00","1,700.00","0.40K","-5.14%"
"09/10/2021","1,793.36","1,750.00","1,800.00","1,750.00","0.22K","-0.31%"
"09/09/2021","1,799.00","1,799.00","1,799.00","1,799.00","0.02K","-0.03%"
"09/08/2021","1,799.50","1,711.00","1,800.00","1,711.00","0.06K","-1.93%"
"09/06/2021","1,835.00","1,935.00","1,935.00","1,825.00","0.32K","1.94%"
"09/02/2021","1,800.00","1,800.00","1,800.00","1,800.00","0.02K","0.17%"
"09/01/2021","1,797.00","1,730.00","1,840.07","1,730.00","0.48K","-2.34%"
"08/31/2021","1,840.07","1,751.02","1,875.00","1,750.00","2.42K","5.18%"
"08/30/2021","1,749.50","1,665.00","1,750.00","1,665.00","1.46K","7.00%"
"08/26/2021","1,635.00","1,660.00","1,660.00","1,635.00","0.08K","-1.45%"
"08/25/2021","1,659.00","1,659.00","1,659.00","1,659.00","0.02K","-0.66%"
"08/24/2021","1,670.00","1,678.00","1,680.00","1,630.00","0.28K","0.60%"
"08/23/2021","1,660.00","1,681.66","1,681.66","1,660.00","0.76K","-5.06%"
"08/20/2021","1,748.41","1,748.00","1,748.41","1,626.43","0.90K","7.50%"
"08/17/2021","1,626.43","1,605.22","1,626.43","1,605.21","0.24K","0.00%"
"08/16/2021","1,626.43","1,601.00","1,640.00","1,601.00","0.16K","0.38%"
"08/12/2021","1,620.20","1,621.00","1,621.00","1,620.00","0.10K","-0.33%"
"08/10/2021","1,625.50","1,625.50","1,650.00","1,625.50","0.12K","0.00%"
"08/09/2021","1,625.50","1,615.00","1,629.00","1,615.00","0.18K","-0.82%"
"08/06/2021","1,639.00","1,581.00","1,639.00","1,562.00","0.12K","-0.06%"
"08/04/2021","1,640.00","1,610.00","1,640.00","1,610.00","0.18K","0.92%"
"08/03/2021","1,625.00","1,600.00","1,625.00","1,600.00","0.12K","4.84%"
"08/02/2021","1,550.00","1,605.00","1,605.00","1,550.00","0.06K","-4.91%"
"07/30/2021","1,630.00","1,630.00","1,630.00","1,630.00","0.10K","0.00%"
"07/28/2021","1,630.00","1,641.00","1,641.00","1,630.00","0.44K","-0.67%"
"07/27/2021","1,641.00","1,640.00","1,659.80","1,640.00","0.28K","-1.14%"
"07/26/2021","1,660.00","1,660.00","1,660.00","1,660.00","0.02K","1.22%"
"07/23/2021","1,640.00","1,600.10","1,640.00","1,531.56","0.16K","-0.73%"
"07/19/2021","1,652.00","1,650.00","1,655.00","1,650.00","0.30K","-1.67%"
"07/16/2021","1,680.00","1,685.00","1,685.00","1,680.00","0.10K","-1.18%"
"07/14/2021","1,700.00","1,690.00","1,717.00","1,690.00","0.28K","0.59%"
"07/13/2021","1,690.00","1,675.00","1,700.00","1,675.00","0.26K","-2.59%"
"07/12/2021","1,735.00","1,735.00","1,735.00","1,735.00","0.02K","-0.57%"
"07/09/2021","1,745.00","1,745.00","1,745.00","1,745.00","0.02K","3.35%"
"07/08/2021","1,688.50","1,688.50","1,688.50","1,688.00","47.02K","0.03%"
"07/07/2021","1,688.00","1,670.00","1,688.00","1,670.00","0.04K","-1.84%"
"07/02/2021","1,719.66","1,681.00","1,724.00","1,680.00","0.20K","2.83%"
"07/01/2021","1,672.27","1,725.00","1,725.00","1,672.00","0.34K","-2.46%"
"06/30/2021","1,714.40","1,695.00","1,720.00","1,695.00","0.30K","1.10%"
"06/29/2021","1,695.70","1,660.00","1,700.00","1,660.00","0.64K","2.12%"
"06/28/2021","1,660.43","1,670.00","1,745.00","1,640.00","0.92K","-4.08%"
"06/24/2021","1,731.03","1,701.01","1,745.00","1,700.00","1.54K","-1.08%"
"06/22/2021","1,749.95","1,701.02","1,749.95","1,700.00","0.66K","2.88%"
"06/21/2021","1,701.00","1,701.00","1,745.00","1,697.00","0.30K","-1.16%"
"06/18/2021","1,721.00","1,775.00","1,775.00","1,700.01","0.16K","0.00%"
"06/17/2021","1,721.00","1,745.00","1,770.00","1,720.10","0.10K","0.64%"
"06/16/2021","1,710.00","1,710.00","1,710.00","1,710.00","0.20K","0.00%"
"06/14/2021","1,710.00","1,682.80","1,715.00","1,682.80","0.26K","1.62%"
"06/10/2021","1,682.80","1,661.01","1,690.00","1,640.02","0.94K","0.24%"
"06/09/2021","1,678.78","1,684.99","1,700.00","1,655.00","0.36K","0.59%"
"06/08/2021","1,669.00","1,672.00","1,700.00","1,650.00","3.78K","-1.82%"
"06/07/2021","1,700.00","1,680.00","1,700.00","1,666.00","0.74K","1.19%"
"06/04/2021","1,680.00","1,680.00","1,680.10","1,680.00","0.56K","-1.18%"
"06/03/2021","1,700.00","1,700.00","1,700.00","1,700.00","0.04K","0.00%"
"06/01/2021","1,700.00","1,632.00","1,700.00","1,632.00","0.20K","0.00%"
"05/31/2021","1,700.00","1,700.00","1,700.00","1,690.00","0.18K","0.00%"
"05/28/2021","1,700.00","1,699.00","1,700.00","1,699.00","0.10K","0.06%"
"05/27/2021","1,699.00","1,699.00","1,699.00","1,699.00","0.24K","0.00%"
"05/26/2021","1,699.00","1,699.00","1,699.00","1,699.00","0.04K","0.00%"
"05/25/2021","1,699.00","1,650.00","1,699.00","1,650.00","0.22K","4.42%"
"05/24/2021","1,627.06","1,750.00","1,750.00","1,620.00","0.24K","-7.03%"
"05/21/2021","1,750.00","1,780.00","1,780.00","1,750.00","0.30K","-2.78%"
"05/19/2021","1,800.00","1,800.00","1,800.00","1,800.00","0.06K","0.00%"
"05/18/2021","1,800.00","1,800.00","1,800.00","1,800.00","0.14K","0.00%"
"05/17/2021","1,800.00","1,790.00","1,820.00","1,790.00","0.24K","0.56%"
"05/06/2021","1,790.00","1,790.00","1,790.00","1,790.00","0.50K","6.55%"
"05/05/2021","1,680.00","1,680.00","1,680.00","1,680.00","0.04K","0.60%"
"05/03/2021","1,670.00","1,670.00","1,670.00","1,670.00","0.52K","-7.22%"
"04/27/2021","1,800.00","1,800.00","1,818.00","1,800.00","0.62K","1.12%"
"04/23/2021","1,780.00","1,800.01","1,800.01","1,780.00","0.30K","-1.11%"
"04/22/2021","1,800.00","1,900.00","1,900.00","1,800.00","0.08K","-5.26%"
"04/20/2021","1,899.99","1,880.00","1,899.99","1,880.00","0.10K","-0.21%"
"04/15/2021","1,904.00","1,926.96","1,926.96","1,900.00","7.76K","-1.19%"
"04/14/2021","1,926.96","1,900.00","1,940.00","1,900.00","11.82K","-0.67%"
"04/12/2021","1,940.00","1,940.00","1,940.00","1,940.00","0.06K","0.00%"
"04/08/2021","1,940.00","1,900.00","1,949.99","1,870.00","18.32K","4.30%"
"04/07/2021","1,860.00","1,880.00","1,880.00","1,860.00","0.40K","-2.11%"
"04/06/2021","1,900.00","1,900.00","1,900.00","1,900.00","0.60K","0.00%"
"04/05/2021","1,900.00","1,900.00","1,900.00","1,875.00","0.08K","1.06%"
"04/02/2021","1,880.00","1,905.00","1,905.00","1,880.00","0.68K","-1.05%"
"04/01/2021","1,900.00","1,985.00","1,985.00","1,900.00","1.62K","-4.23%"
"03/31/2021","1,984.00","1,960.00","1,990.00","1,910.00","0.68K","1.22%"
"03/29/2021","1,960.00","1,970.00","1,999.00","1,960.00","0.22K","0.03%"
"03/26/2021","1,959.40","1,956.00","2,040.00","1,920.00","0.96K","-4.42%"
"03/24/2021","2,050.00","1,940.00","2,050.00","1,940.00","1.36K","2.30%"
"03/22/2021","2,004.00","2,025.00","2,030.00","2,000.00","0.14K","-2.39%"
"03/19/2021","2,053.00","2,075.00","2,099.00","2,000.00","0.80K","-2.24%"
"03/18/2021","2,100.00","2,120.00","2,200.00","2,011.00","3.34K","0.03%"
"03/17/2021","2,099.45","2,098.00","2,100.00","2,026.00","3.10K","0.06%"
"03/16/2021","2,098.25","2,010.11","2,100.00","2,000.00","0.30K","-1.02%"
"03/15/2021","2,119.83","2,075.00","2,180.00","1,970.00","8.32K","0.47%"
"03/12/2021","2,110.00","2,100.00","2,120.00","2,100.00","1.04K","-0.96%"
"03/11/2021","2,130.45","2,051.00","2,150.00","2,050.00","1.72K","-1.84%"
"03/10/2021","2,170.28","2,100.00","2,200.00","2,100.00","5.52K","1.75%"
"03/09/2021","2,132.85","1,975.00","2,150.00","1,950.00","10.94K","5.07%"
"03/08/2021","2,030.02","2,050.00","2,050.00","1,955.00","3.82K","-2.40%"
"03/05/2021","2,080.00","2,050.00","2,114.00","2,050.00","2.18K","1.63%"
"03/04/2021","2,046.67","2,000.00","2,120.00","2,000.00","3.02K","0.17%"
"03/03/2021","2,043.19","1,940.00","2,060.00","1,935.87","6.04K","5.54%"
"03/02/2021","1,935.87","1,801.00","1,944.48","1,800.00","4.36K","5.21%"
"03/01/2021","1,840.00","1,775.00","1,840.00","1,775.00","1.82K","4.37%"
"02/26/2021","1,763.00","1,760.55","1,800.00","1,720.00","1.02K","-3.57%"
"02/25/2021","1,828.29","1,800.00","1,830.00","1,800.00","1.44K","1.57%"
"02/24/2021","1,800.00","1,800.00","1,820.00","1,760.00","2.14K","2.86%"
"02/23/2021","1,750.00","1,640.00","1,750.01","1,640.00","1.54K","0.22%"
"02/22/2021","1,746.15","1,670.00","1,849.00","1,670.00","2.78K","-2.96%"
"02/19/2021","1,799.42","1,800.00","1,801.00","1,790.00","0.86K","-2.10%"
"02/18/2021","1,838.00","1,780.00","1,850.00","1,780.00","2.34K","3.26%"
"02/17/2021","1,780.00","1,794.99","1,885.00","1,780.00","0.88K","-2.68%"
"02/16/2021","1,829.00","1,800.00","1,870.00","1,780.00","50.50K","3.35%"
"02/15/2021","1,769.80","1,695.00","1,805.00","1,688.00","1.58K","5.38%"
"02/12/2021","1,679.40","1,620.00","1,682.00","1,600.00","1.88K","1.78%"
"02/11/2021","1,650.00","1,650.00","1,650.00","1,650.00","0.26K","-0.06%"
"02/10/2021","1,651.00","1,640.00","1,651.00","1,640.00","3.44K","0.06%"
"02/09/2021","1,650.00","1,650.00","1,650.00","1,649.95","1.70K","0.67%"
"02/08/2021","1,639.00","1,640.00","1,640.00","1,639.00","0.22K","-0.05%"
"02/04/2021","1,639.86","1,610.00","1,650.00","1,610.00","0.70K","1.85%"
"02/03/2021","1,610.00","1,610.00","1,610.00","1,600.00","0.44K","0.56%"
"02/02/2021","1,601.05","1,565.00","1,620.00","1,549.99","3.50K","2.43%"
"02/01/2021","1,563.11","1,564.00","1,580.00","1,550.00","3.72K","0.01%"
"01/29/2021","1,562.90","1,606.00","1,675.00","1,556.00","8.16K","-2.29%"
"01/28/2021","1,599.55","1,509.00","1,612.50","1,500.00","10.46K","6.64%"
"01/27/2021","1,500.00","1,499.99","1,500.01","1,490.00","0.68K","0.67%"
"01/26/2021","1,490.00","1,480.00","1,500.00","1,480.00","0.44K","-0.67%"
"01/25/2021","1,500.00","1,519.99","1,519.99","1,500.00","0.16K","-0.43%"
"01/22/2021","1,506.51","1,500.01","1,519.54","1,500.00","0.14K","0.41%"
"01/21/2021","1,500.33","1,519.99","1,519.99","1,500.00","0.14K","-0.36%"
"01/20/2021","1,505.73","1,505.01","1,506.00","1,505.00","0.32K","-1.26%"
"01/19/2021","1,525.00","1,505.00","1,525.00","1,501.00","0.12K","1.26%"
"01/18/2021","1,506.00","1,502.11","1,506.00","1,502.11","0.06K","0.00%"
"01/15/2021","1,506.00","1,524.99","1,535.00","1,500.00","0.52K","0.00%"
"01/14/2021","1,506.00","1,500.00","1,511.00","1,500.00","0.26K","-0.44%"
"01/13/2021","1,512.70","1,525.00","1,574.00","1,500.00","0.54K","-0.15%"
"01/12/2021","1,515.00","1,520.00","1,520.00","1,515.00","0.52K","-0.66%"
"01/11/2021","1,525.00","1,546.99","1,546.99","1,525.00","0.12K","0.33%"
"01/08/2021","1,519.98","1,505.01","1,524.80","1,500.00","0.56K","0.20%"
"01/07/2021","1,517.00","1,535.00","1,535.00","1,500.00","0.64K","-0.63%"
"01/06/2021","1,526.67","1,535.00","1,535.00","1,500.00","2.66K","0.40%"
"01/05/2021","1,520.63","1,549.00","1,549.00","1,520.00","0.92K","-1.83%"
"01/04/2021","1,549.00","1,542.00","1,560.00","1,542.00","0.18K","2.55%"
"01/01/2021","1,510.53","1,534.99","1,548.00","1,500.00","1.52K","-1.39%"
"12/31/2020","1,531.84","1,530.00","1,550.00","1,500.00","1.74K","1.37%"
"12/30/2020","1,511.20","1,520.00","1,520.00","1,505.00","0.16K","1.42%"
"12/29/2020","1,490.00","1,471.04","1,500.00","1,471.04","15.32K","-2.61%"
"12/28/2020","1,530.00","1,500.00","1,530.00","1,500.00","0.46K","2.00%"
"12/24/2020","1,500.00","1,500.00","1,500.01","1,500.00","0.68K","-0.34%"
"12/23/2020","1,505.07","1,510.00","1,548.00","1,500.00","1.34K","-0.31%"
"12/22/2020","1,509.75","1,520.00","1,540.00","1,500.00","1.40K","-0.46%"
"12/21/2020","1,516.72","1,500.00","1,520.00","1,490.00","0.88K","1.74%"
"12/18/2020","1,490.73","1,510.00","1,510.00","1,490.00","0.56K","-0.55%"
"12/17/2020","1,499.00","1,511.00","1,547.99","1,460.00","0.24K","-0.82%"
"12/16/2020","1,511.36","1,450.00","1,550.00","1,450.00","1.08K","0.76%"
"12/15/2020","1,500.00","1,500.00","1,500.02","1,499.00","3.50K","0.00%"
"12/14/2020","1,500.00","1,528.99","1,550.00","1,500.00","1.92K","0.00%"
"12/11/2020","1,500.00","1,470.00","1,500.00","1,470.00","0.16K","0.00%"
"12/10/2020","1,500.00","1,500.00","1,500.00","1,500.00","0.14K","0.00%"
"12/09/2020","1,500.00","1,500.00","1,500.00","1,500.00","0.36K","0.00%"
"12/08/2020","1,500.00","1,500.00","1,500.00","1,500.00","0.60K","0.00%"
"12/07/2020","1,500.00","1,500.00","1,500.00","1,500.00","1.24K","0.00%"
"12/04/2020","1,500.00","1,520.00","1,525.00","1,499.99","1.40K","-0.01%"
"12/03/2020","1,500.08","1,498.45","1,525.00","1,498.45","0.88K","1.06%"
"12/02/2020","1,484.33","1,435.00","1,494.00","1,435.00","1.18K","4.16%"
"12/01/2020","1,425.00","1,424.00","1,427.00","1,402.01","0.54K","0.36%"
"11/30/2020","1,419.83","1,409.99","1,424.00","1,409.99","0.62K","1.42%"
"11/27/2020","1,400.00","1,416.98","1,416.98","1,400.00","0.14K","0.01%"
"11/26/2020","1,399.90","1,399.80","1,400.00","1,399.80","0.16K","1.44%"
"11/25/2020","1,380.00","1,390.00","1,390.00","1,380.00","0.04K","-0.72%"
"11/24/2020","1,390.00","1,371.00","1,400.00","1,371.00","0.54K","1.39%"
"11/23/2020","1,371.00","1,360.00","1,390.00","1,350.00","0.30K","-3.11%"
"11/20/2020","1,415.00","1,410.00","1,425.00","1,410.00","2.08K","0.35%"
"11/19/2020","1,410.00","1,401.00","1,410.00","1,401.00","0.04K","0.71%"
"11/18/2020","1,400.00","1,400.00","1,400.00","1,400.00","0.06K","-0.51%"
"11/17/2020","1,407.13","1,449.44","1,449.44","1,405.00","0.38K","1.14%"
"11/16/2020","1,391.33","1,375.00","1,394.00","1,370.00","0.84K","1.61%"
"11/13/2020","1,369.33","1,325.01","1,379.00","1,325.00","0.54K","1.18%"
"11/12/2020","1,353.33","1,400.00","1,400.00","1,301.00","3.20K","-3.73%"
"11/11/2020","1,405.78","1,443.20","1,443.20","1,400.00","1.72K","-2.59%"
"11/10/2020","1,443.20","1,455.00","1,469.90","1,430.58","1.88K","-2.48%"
"11/09/2020","1,479.97","1,479.90","1,480.00","1,479.90","0.10K","-1.34%"
"11/06/2020","1,500.00","1,489.99","1,500.00","1,489.99","0.22K","1.35%"
"11/05/2020","1,480.00","1,480.00","1,500.00","1,480.00","0.62K","0.00%"
"11/04/2020","1,480.00","1,485.00","1,490.00","1,460.00","0.88K","0.00%"
"11/03/2020","1,480.00","1,500.00","1,500.00","1,450.00","0.98K","0.69%"
"11/02/2020","1,469.90","1,505.00","1,550.00","1,469.60","1.26K","-7.48%"
"10/29/2020","1,588.75","1,660.00","1,660.00","1,572.50","2.58K","-6.54%"
"10/28/2020","1,700.00","1,699.00","1,700.00","1,695.00","0.22K","1.43%"
"10/27/2020","1,676.00","1,685.00","1,685.00","1,675.00","0.42K","-1.38%"
"10/26/2020","1,699.50","1,700.00","1,700.00","1,699.00","0.40K","2.41%"
"10/23/2020","1,659.50","1,636.00","1,660.00","1,625.00","0.24K","0.58%"
"10/22/2020","1,650.00","1,640.00","1,650.00","1,640.00","0.18K","-0.67%"
"10/21/2020","1,661.13","1,610.00","1,670.00","1,610.00","0.64K","3.82%"
"10/20/2020","1,600.00","1,600.01","1,600.01","1,600.00","0.08K","-1.23%"
"10/19/2020","1,620.00","1,634.00","1,635.00","1,620.00","0.34K","-1.82%"
"10/16/2020","1,650.00","1,649.99","1,650.00","1,649.99","0.14K","2.17%"
"10/15/2020","1,615.00","1,600.00","1,615.00","1,600.00","0.14K","0.94%"
"10/13/2020","1,600.00","1,620.00","1,620.00","1,599.00","0.40K","-2.44%"
"10/09/2020","1,640.00","1,640.00","1,640.00","1,640.00","0.02K","0.92%"
"10/08/2020","1,625.00","1,625.00","1,625.00","1,625.00","0.02K","-0.70%"
"10/07/2020","1,636.50","1,636.00","1,638.00","1,630.00","0.56K","0.30%"
"10/06/2020","1,631.60","1,625.00","1,634.00","1,600.00","0.62K","-1.12%"
"10/05/2020","1,650.00","1,650.00","1,660.00","1,630.00","0.32K","-2.34%"
"10/02/2020","1,689.51","1,840.00","1,840.00","1,689.01","0.40K","-1.77%"
"10/01/2020","1,720.00","1,675.00","1,720.00","1,675.00","0.88K","2.14%"
"09/30/2020","1,683.96","1,620.00","1,690.00","1,615.00","5.34K","3.88%"
"09/29/2020","1,621.00","1,620.00","1,625.00","1,620.00","0.26K","-0.67%"
"09/28/2020","1,631.92","1,630.00","1,640.00","1,625.00","1.60K","0.12%"
"09/25/2020","1,630.00","1,630.00","1,630.00","1,630.00","0.08K","0.00%"
"09/24/2020","1,630.00","1,631.00","1,631.00","1,630.00","0.14K","-0.67%"
"09/23/2020","1,641.00","1,630.01","1,641.00","1,630.01","0.10K","-0.23%"
"09/22/2020","1,644.83","1,635.00","1,645.00","1,602.00","0.56K","0.17%"
"09/21/2020","1,642.09","1,650.00","1,650.00","1,635.00","0.90K","-0.54%"
"09/18/2020","1,650.94","1,632.00","1,670.00","1,632.00","1.58K","1.22%"
"09/17/2020","1,631.00","1,625.00","1,631.00","1,620.00","1.60K","0.59%"
"09/16/2020","1,621.50","1,580.00","1,625.00","1,580.00","1.08K","1.62%"
"09/15/2020","1,595.65","1,620.00","1,620.00","1,570.71","0.70K","0.23%"
"09/14/2020","1,592.00","1,592.00","1,592.00","1,592.00","0.04K","0.00%"
"09/11/2020","1,592.00","1,600.00","1,600.00","1,590.00","0.82K","-0.50%"
"09/10/2020","1,600.02","1,589.00","1,614.00","1,589.00","3.30K","1.27%"
"09/09/2020","1,580.00","1,568.00","1,590.00","1,550.00","1.90K","0.00%"
"09/08/2020","1,580.00","1,571.00","1,590.00","1,550.00","2.74K","0.48%"
"09/07/2020","1,572.38","1,550.32","1,580.00","1,550.00","2.78K","0.90%"
"09/04/2020","1,558.33","1,565.00","1,565.00","1,550.00","1.24K","-0.22%"
"09/03/2020","1,561.75","1,598.98","1,598.98","1,556.00","1.62K","-0.82%"
"09/02/2020","1,574.72","1,565.00","1,584.00","1,565.00","0.14K","0.94%"
"09/01/2020","1,560.00","1,610.00","1,610.00","1,560.00","2.78K","-1.30%"
"08/31/2020","1,580.50","1,570.00","1,619.00","1,570.00","1.08K","-0.60%"
"08/28/2020","1,590.00","1,580.00","1,598.98","1,580.00","0.10K","0.68%"
"08/27/2020","1,579.31","1,597.00","1,630.00","1,571.00","1.82K","-1.12%"
"08/26/2020","1,597.20","1,629.99","1,635.00","1,540.01","7.54K","-0.80%"
"08/25/2020","1,610.00","1,610.00","1,660.00","1,610.00","0.80K","0.00%"
"08/24/2020","1,610.00","1,590.00","1,615.00","1,550.00","1.46K","1.26%"
"08/21/2020","1,589.99","1,591.40","1,591.40","1,560.00","0.10K","-0.09%"
"08/20/2020","1,591.40","1,617.49","1,650.00","1,580.00","2.88K","-0.54%"
"08/19/2020","1,600.00","1,600.00","1,630.00","1,598.00","2.86K","1.39%"
"08/18/2020","1,578.00","1,634.99","1,650.00","1,571.00","1.44K","-1.44%"
"08/17/2020","1,601.00","1,601.00","1,620.00","1,600.00","0.42K","0.06%"
"08/13/2020","1,600.00","1,648.00","1,648.00","1,575.53","1.24K","-2.91%"
"08/12/2020","1,648.00","1,650.00","1,650.00","1,647.99","0.12K","0.16%"
"08/11/2020","1,645.33","1,680.00","1,700.00","1,640.00","2.04K","-1.74%"
"08/10/2020","1,674.49","1,599.95","1,674.49","1,572.00","13.06K","7.50%"
"08/07/2020","1,557.67","1,450.00","1,557.67","1,450.00","8.10K","7.50%"
"08/06/2020","1,449.00","1,450.00","1,450.00","1,440.10","0.60K","0.58%"
"08/05/2020","1,440.67","1,427.00","1,442.00","1,426.00","0.16K","-2.00%"
"08/04/2020","1,470.00","1,480.00","1,490.00","1,388.50","0.88K","-0.68%"
"08/03/2020","1,479.99","1,452.00","1,480.00","1,450.00","1.02K","1.72%"
"07/30/2020","1,455.00","1,439.99","1,460.00","1,439.98","0.82K","1.75%"
"07/29/2020","1,430.00","1,430.00","1,440.00","1,400.00","0.96K","0.00%"
"07/28/2020","1,430.00","1,421.05","1,439.00","1,420.00","1.78K","-0.58%"
"07/27/2020","1,438.41","1,411.02","1,450.00","1,409.99","0.64K","0.94%"
"07/24/2020","1,425.00","1,420.02","1,445.00","1,411.00","0.36K","-1.84%"
"07/23/2020","1,451.76","1,470.00","1,484.98","1,450.00","0.54K","-0.79%"
"07/22/2020","1,463.33","1,478.98","1,490.00","1,460.00","1.02K","-0.45%"
"07/21/2020","1,470.00","1,475.00","1,483.00","1,456.05","0.80K","-1.61%"
"07/20/2020","1,493.99","1,480.00","1,530.00","1,450.00","2.90K","0.95%"
"07/17/2020","1,479.89","1,460.00","1,499.00","1,440.00","1.56K","1.40%"
"07/16/2020","1,459.50","1,430.00","1,490.00","1,430.00","2.68K","2.30%"
"07/15/2020","1,426.69","1,340.50","1,440.36","1,340.00","15.98K","6.48%"
"07/14/2020","1,339.87","1,340.00","1,350.00","1,338.99","3.46K","-0.01%"
"07/13/2020","1,339.99","1,323.82","1,340.00","1,323.81","2.54K","0.02%"
"07/10/2020","1,339.68","1,340.25","1,340.25","1,335.10","0.84K","-0.02%"
"07/09/2020","1,340.00","1,342.01","1,342.01","1,339.00","2.26K","0.07%"
"07/08/2020","1,339.00","1,340.00","1,340.00","1,337.00","2.16K","-0.19%"
"07/07/2020","1,341.49","1,350.00","1,359.00","1,340.00","1.18K","-0.48%"
"07/06/2020","1,348.00","1,325.01","1,354.00","1,325.01","0.62K","-0.37%"
"07/03/2020","1,353.00","1,360.00","1,360.00","1,353.00","0.40K","0.00%"
"07/02/2020","1,353.00","1,355.00","1,389.49","1,352.50","1.34K","-0.15%"
"07/01/2020","1,355.00","1,349.00","1,356.00","1,348.00","0.94K","0.89%"
"06/30/2020","1,343.10","1,340.00","1,388.98","1,330.00","2.84K","0.22%"
"06/29/2020","1,340.20","1,340.00","1,345.00","1,327.00","0.70K","-0.26%"
"06/26/2020","1,343.75","1,315.08","1,375.00","1,315.01","0.36K","1.42%"
"06/25/2020","1,325.00","1,327.81","1,327.81","1,325.00","0.18K","-0.75%"
"06/24/2020","1,335.00","1,335.00","1,335.00","1,325.00","2.58K","0.00%"
"06/23/2020","1,335.00","1,349.00","1,349.00","1,335.00","0.10K","0.39%"
"06/22/2020","1,329.80","1,340.00","1,340.00","1,324.00","0.20K","-0.96%"
"06/19/2020","1,342.75","1,350.00","1,350.00","1,340.00","0.76K","-1.40%"
"06/18/2020","1,361.81","1,361.81","1,362.00","1,361.81","0.08K","-0.60%"
"06/17/2020","1,370.00","1,399.00","1,399.00","1,370.00","0.16K","-1.03%"
"06/16/2020","1,384.28","1,365.00","1,390.00","1,360.01","0.22K","1.04%"
"06/15/2020","1,370.00","1,390.00","1,390.00","1,365.00","0.12K","-1.51%"
"06/12/2020","1,391.00","1,391.00","1,391.00","1,390.00","0.08K","0.14%"
"06/11/2020","1,389.04","1,390.00","1,399.00","1,380.00","2.74K","1.69%"
"06/10/2020","1,366.00","1,366.00","1,366.00","1,366.00","0.02K","-1.19%"
"06/09/2020","1,382.50","1,380.00","1,385.00","1,380.00","8.04K","0.47%"
"06/08/2020","1,376.00","1,360.00","1,380.00","1,360.00","0.52K","0.77%"
"06/05/2020","1,365.52","1,365.00","1,370.00","1,360.00","1.52K","0.41%"
"06/04/2020","1,360.00","1,370.00","1,370.00","1,360.00","0.34K","-0.07%"
"06/03/2020","1,361.01","1,361.01","1,361.01","1,361.01","0.02K","-1.38%"
"06/02/2020","1,379.99","1,375.00","1,379.99","1,375.00","1.12K","1.10%"
"06/01/2020","1,365.00","1,379.00","1,379.00","1,360.00","0.16K","-0.44%"
"05/29/2020","1,371.00","1,361.00","1,371.00","1,360.01","0.58K","1.18%"
"05/28/2020","1,355.00","1,351.00","1,355.00","1,351.00","0.06K","-1.88%"
"05/21/2020","1,381.00","1,365.00","1,398.99","1,365.00","0.14K","-0.29%"
"05/20/2020","1,385.00","1,379.99","1,399.00","1,350.00","0.64K","1.17%"
"05/19/2020","1,369.00","1,369.98","1,369.98","1,365.00","0.18K","1.41%"
"05/18/2020","1,350.00","1,400.00","1,400.00","1,332.01","0.08K","-0.22%"
"05/15/2020","1,353.03","1,350.00","1,355.05","1,350.00","0.10K","0.24%"
"05/14/2020","1,349.84","1,380.00","1,380.00","1,341.00","3.66K","-2.82%"
"05/13/2020","1,389.00","1,370.00","1,389.00","1,370.00","0.08K","0.39%"
"05/12/2020","1,383.56","1,395.00","1,400.00","1,380.00","2.94K","3.92%"
"05/11/2020","1,331.34","1,320.00","1,332.00","1,320.00","0.14K","-4.21%"
"05/08/2020","1,389.79","1,399.00","1,399.00","1,380.01","1.74K","0.06%"
"05/07/2020","1,389.00","1,390.00","1,399.00","1,385.02","0.82K","0.35%"
"05/06/2020","1,384.09","1,398.99","1,400.00","1,381.01","0.92K","-1.00%"
"05/05/2020","1,398.05","1,399.00","1,400.00","1,380.00","1.32K","-0.07%"
"05/04/2020","1,399.00","1,376.30","1,400.00","1,376.21","0.46K","-0.07%"
"04/30/2020","1,400.00","1,400.00","1,400.00","1,387.00","0.64K","0.02%"
"04/29/2020","1,399.75","1,400.00","1,400.00","1,395.00","0.54K","0.54%"
"04/28/2020","1,392.26","1,419.89","1,420.00","1,390.01","0.84K","-0.55%"
"04/27/2020","1,400.00","1,376.00","1,410.00","1,370.00","0.20K","0.08%"
"04/24/2020","1,398.85","1,430.00","1,440.00","1,393.09","1.02K","-0.22%"
"04/23/2020","1,402.00","1,405.00","1,405.00","1,400.00","1.32K","-3.23%"
"04/22/2020","1,448.75","1,450.01","1,500.00","1,433.75","5.28K","-6.53%"
"04/21/2020","1,550.00","1,550.00","1,579.90","1,535.05","0.32K","-1.44%"
"04/20/2020","1,572.60","1,600.00","1,650.00","1,561.00","0.84K","-0.47%"
"04/17/2020","1,580.00","1,575.10","1,580.00","1,575.10","0.06K","2.27%"
"04/16/2020","1,545.00","1,545.00","1,545.00","1,545.00","0.04K","0.65%"
"04/15/2020","1,535.00","1,540.00","1,540.00","1,535.00","0.08K","-0.32%"
"04/14/2020","1,540.00","1,550.00","1,550.00","1,540.00","0.14K","1.65%"
"04/13/2020","1,515.00","1,515.00","1,544.00","1,515.00","0.24K","-2.82%"
"04/10/2020","1,559.00","1,559.00","1,559.00","1,559.00","0.02K","-1.76%"
"04/09/2020","1,587.00","1,500.00","1,600.00","1,500.00","3.22K","3.39%"
"04/08/2020","1,535.00","1,534.99","1,535.00","1,431.01","0.06K","3.02%"
"04/07/2020","1,490.00","1,489.99","1,500.01","1,489.99","0.32K","1.43%"
"04/06/2020","1,468.99","1,490.21","1,490.21","1,460.00","0.10K","-0.04%"
"04/03/2020","1,469.62","1,463.00","1,470.00","1,450.00","2.36K","0.40%"
"04/02/2020","1,463.70","1,498.00","1,498.00","1,406.01","5.38K","0.94%"
"04/01/2020","1,450.00","1,415.02","1,470.00","1,400.00","0.66K","-1.36%"
"03/31/2020","1,470.00","1,449.00","1,470.00","1,448.00","0.76K","5.23%"
"03/30/2020","1,397.00","1,444.44","1,444.44","1,386.00","0.52K","-5.29%"
"03/26/2020","1,474.99","1,445.00","1,474.99","1,445.00","0.06K","4.71%"
"03/24/2020","1,408.58","1,291.51","1,462.75","1,291.51","52.34K","3.52%"
"03/20/2020","1,360.71","1,400.00","1,400.00","1,315.01","10.92K","-2.62%"
"03/19/2020","1,397.33","1,400.00","1,424.74","1,380.00","0.52K","-1.93%"
"03/18/2020","1,424.76","1,425.00","1,430.01","1,421.65","0.26K","-7.30%"
"03/17/2020","1,536.91","1,500.00","1,630.00","1,415.10","2.32K","0.46%"
"03/16/2020","1,529.82","1,700.00","1,700.00","1,507.76","2.20K","-6.15%"
"03/13/2020","1,630.01","1,570.00","1,660.00","1,570.00","1.14K","-3.40%"
"03/12/2020","1,687.39","1,766.01","1,766.01","1,673.29","1.38K","-6.22%"
"03/11/2020","1,799.23","1,799.98","1,850.00","1,760.00","3.44K","1.75%"
"03/10/2020","1,768.30","1,750.00","1,864.00","1,730.00","0.88K","1.50%"
"03/09/2020","1,742.14","1,750.00","1,750.00","1,740.00","0.18K","-0.63%"
"03/06/2020","1,753.14","1,787.00","1,787.00","1,740.00","0.24K","-2.60%"
"03/05/2020","1,800.00","1,749.99","1,810.00","1,749.00","1.42K","1.28%"
"03/04/2020","1,777.20","1,744.99","1,860.00","1,744.99","0.50K","2.14%"
"03/03/2020","1,740.00","1,745.10","1,745.10","1,740.00","0.08K","-0.46%"
"03/02/2020","1,748.00","1,749.00","1,751.01","1,745.00","0.68K","0.16%"
"02/28/2020","1,745.22","1,745.34","1,745.34","1,745.22","0.06K","2.18%"
"02/27/2020","1,708.00","1,711.00","1,712.00","1,708.00","0.76K","-2.95%"
"02/26/2020","1,760.00","1,760.00","1,760.00","1,760.00","0.04K","-2.22%"
"02/25/2020","1,799.99","1,751.01","1,799.99","1,751.01","0.04K","-0.55%"
"02/24/2020","1,810.00","1,810.00","1,810.00","1,810.00","0.04K","1.71%"
"02/21/2020","1,779.50","1,760.00","1,799.00","1,760.00","0.14K","1.11%"
"02/20/2020","1,760.00","1,760.01","1,760.01","1,760.00","0.04K","-1.12%"
"02/19/2020","1,780.00","1,769.99","1,799.99","1,769.99","0.62K","0.76%"
"02/18/2020","1,766.66","1,700.01","1,780.00","1,700.01","0.54K","-1.85%"
"02/17/2020","1,800.00","1,805.01","1,805.01","1,800.00","0.18K","-2.69%"
"02/14/2020","1,849.80","1,800.00","1,900.00","1,761.01","1.26K","-0.01%"
"02/13/2020","1,850.00","1,889.99","1,890.00","1,850.00","0.16K","1.80%"
"02/12/2020","1,817.28","1,825.00","1,825.00","1,812.05","0.08K","0.96%"
"02/11/2020","1,800.00","1,799.99","1,800.00","1,799.99","0.12K","-0.22%"
"02/10/2020","1,804.00","1,780.02","1,820.00","1,780.00","0.14K","-2.91%"
"02/07/2020","1,858.00","1,880.00","1,880.00","1,850.00","0.30K","-0.64%"
"02/04/2020","1,870.01","1,870.01","1,870.01","1,870.01","0.02K","0.00%"
"02/03/2020","1,870.00","1,840.02","1,870.00","1,840.02","0.38K","-3.36%"
"01/31/2020","1,934.99","1,892.12","1,934.99","1,892.12","0.04K","0.00%"
"01/30/2020","1,934.99","1,947.97","1,947.97","1,934.99","0.06K","1.84%"
"01/29/2020","1,900.01","1,920.00","1,920.00","1,900.00","0.36K","-0.94%"
"01/28/2020","1,918.00","1,910.02","1,930.00","1,910.00","0.12K","-1.60%"
"01/27/2020","1,949.17","1,940.00","1,950.00","1,901.00","0.24K","0.01%"
"01/23/2020","1,949.00","1,945.00","1,950.00","1,945.00","0.10K","0.99%"
"01/22/2020","1,929.98","1,875.00","1,970.00","1,875.00","0.42K","0.17%"
"01/21/2020","1,926.70","1,900.00","1,998.00","1,900.00","0.78K","-0.82%"
"01/20/2020","1,942.71","1,900.00","2,000.00","1,899.90","0.98K","-0.37%"
"01/17/2020","1,949.94","1,910.01","1,950.00","1,910.01","0.08K","2.08%"
"01/15/2020","1,910.28","1,920.10","1,920.10","1,884.00","1.78K","-3.52%"
"01/14/2020","1,980.00","2,000.00","2,000.00","1,979.00","0.70K","0.22%"
"01/13/2020","1,975.65","1,930.00","2,020.00","1,930.00","2.10K","1.32%"
"01/10/2020","1,950.00","1,950.00","1,950.00","1,950.00","0.04K","-1.47%"
"01/09/2020","1,979.00","1,979.00","1,979.00","1,979.00","0.02K","1.18%"
"01/08/2020","1,956.00","1,956.00","1,956.01","1,956.00","0.08K","0.82%"
"01/07/2020","1,940.00","1,949.99","1,950.00","1,900.00","0.72K","0.52%"
"01/06/2020","1,930.02","1,970.00","1,998.90","1,930.02","0.66K","-3.92%"
"01/03/2020","2,008.84","2,009.89","2,013.00","1,925.00","0.84K","0.28%"
"01/02/2020","2,003.27","1,989.88","2,010.00","1,987.00","0.26K","1.40%"
"01/01/2020","1,975.52","1,931.02","2,054.00","1,930.00","0.86K","-0.88%"
"12/31/2019","1,993.06","1,986.00","2,005.00","1,979.99","0.46K","0.36%"
"12/30/2019","1,986.00","2,010.00","2,010.00","1,986.00","1.90K","0.19%"
"12/27/2019","1,982.29","2,000.00","2,024.00","1,950.00","1.46K","-1.44%"
"12/26/2019","2,011.25","2,019.00","2,039.00","2,000.00","0.24K","-0.43%"
"12/24/2019","2,020.00","2,010.00","2,020.00","2,010.00","0.04K","0.61%"
"12/23/2019","2,007.71","2,000.00","2,029.00","1,985.00","0.18K","0.60%"
"12/20/2019","1,995.83","1,921.00","2,040.00","1,900.00","0.66K","2.08%"
"12/19/2019","1,955.10","2,050.00","2,060.00","1,952.25","1.90K","-4.86%"
"12/18/2019","2,055.00","2,080.00","2,080.00","2,000.00","0.38K","-2.19%"
"12/17/2019","2,101.11","2,090.40","2,150.00","1,990.00","2.00K","0.51%"
"12/16/2019","2,090.36","2,065.00","2,120.00","2,040.00","1.70K","1.53%"
"12/13/2019","2,058.80","2,044.99","2,059.00","2,044.99","0.38K","0.47%"
"12/12/2019","2,049.12","2,065.00","2,125.00","1,950.00","1.16K","0.94%"
"12/11/2019","2,030.00","2,030.00","2,075.00","2,010.00","0.70K","-0.68%"
"12/10/2019","2,044.00","1,981.00","2,044.00","1,980.00","0.36K","-0.62%"
"12/09/2019","2,056.65","2,095.00","2,099.99","1,975.04","1.30K","-1.07%"
"12/06/2019","2,078.98","2,021.00","2,200.00","2,020.17","2.00K","-2.23%"
"12/05/2019","2,126.49","2,200.00","2,200.00","2,050.00","1.02K","-1.07%"
"12/04/2019","2,149.49","2,100.00","2,149.97","2,076.99","2.90K","4.93%"
"12/03/2019","2,048.47","2,048.56","2,048.56","2,048.00","14.96K","5.00%"
"12/02/2019","1,951.01","1,951.01","1,951.01","1,951.01","0.66K","5.00%"
"11/29/2019","1,858.11","1,847.00","1,858.11","1,840.00","2.14K","5.00%"
"11/28/2019","1,769.63","1,700.00","1,769.63","1,700.00","4.80K","5.00%"
"11/27/2019","1,685.37","1,650.00","1,698.94","1,650.00","0.72K","1.84%"
"11/26/2019","1,655.00","1,699.99","1,699.99","1,655.00","0.52K","-1.69%"
"11/25/2019","1,683.50","1,681.20","1,700.00","1,651.00","1.80K","0.21%"
"11/22/2019","1,680.00","1,650.02","1,689.89","1,650.01","0.50K","0.02%"
"11/21/2019","1,679.62","1,720.00","1,720.00","1,679.37","1.56K","-4.99%"
"11/20/2019","1,767.75","1,799.00","1,800.00","1,745.01","1.94K","0.52%"
"11/19/2019","1,758.64","1,840.00","1,840.00","1,750.00","3.40K","-2.35%"
"11/18/2019","1,800.97","1,751.01","1,850.00","1,751.00","4.78K","-1.68%"
"11/15/2019","1,831.70","1,860.00","1,955.00","1,812.00","0.74K","-2.77%"
"11/14/2019","1,883.90","1,816.00","1,889.00","1,815.00","2.00K","4.47%"
"11/13/2019","1,803.21","1,770.00","1,829.97","1,761.00","4.04K","-2.88%"
"11/12/2019","1,856.59","1,799.00","1,873.99","1,765.00","4.08K","3.99%"
"11/11/2019","1,785.38","1,730.00","1,800.00","1,729.01","2.64K","3.28%"
"11/08/2019","1,728.69","1,728.69","1,728.69","1,649.99","12.06K","5.00%"
"11/07/2019","1,646.38","1,646.00","1,646.38","1,612.00","10.44K","5.00%"
"11/06/2019","1,567.99","1,545.00","1,567.99","1,500.00","98.18K","5.00%"
"11/05/2019","1,493.33","1,500.00","1,510.00","1,470.00","34.10K","-0.44%"
"11/04/2019","1,500.00","1,510.00","1,510.00","1,480.00","0.34K","0.00%"
"11/01/2019","1,500.00","1,505.00","1,505.00","1,499.00","2.18K","0.00%"
"10/31/2019","1,500.00","1,499.99","1,500.00","1,475.70","0.78K","3.09%"
"10/30/2019","1,455.00","1,475.00","1,475.00","1,451.00","50.24K","-0.68%"
"10/29/2019","1,465.00","1,480.00","1,480.00","1,450.00","0.14K","-0.34%"
"10/28/2019","1,470.00","1,460.00","1,500.01","1,460.00","5.04K","-0.08%"
"10/25/2019","1,471.25","1,430.00","1,491.00","1,430.00","4.42K","3.61%"
"10/24/2019","1,420.00","1,420.80","1,450.00","1,410.00","0.68K","0.00%"
"10/23/2019","1,420.06","1,420.00","1,420.06","1,420.00","0.20K","-2.06%"
"10/22/2019","1,450.00","1,450.00","1,450.00","1,450.00","0.02K","-0.14%"
"10/21/2019","1,452.00","1,455.00","1,455.00","1,450.00","0.06K","-3.39%"
"10/17/2019","1,503.00","1,502.01","1,503.00","1,502.01","0.06K","-1.31%"
"10/16/2019","1,523.00","1,520.00","1,530.00","1,520.00","0.14K","-4.81%"
"10/15/2019","1,600.00","1,600.00","1,600.00","1,600.00","0.04K","0.00%"
"10/14/2019","1,600.00","1,600.00","1,600.00","1,600.00","0.10K","-0.03%"
"10/11/2019","1,600.49","1,600.00","1,600.49","1,600.00","0.30K","0.03%"
"10/10/2019","1,599.99","1,620.00","1,625.00","1,599.99","0.78K","-1.11%"
"10/09/2019","1,618.00","1,620.00","1,620.67","1,590.00","1.56K","4.83%"
"10/08/2019","1,543.50","1,525.00","1,543.50","1,500.00","1.80K","5.00%"
"10/07/2019","1,470.00","1,469.99","1,470.00","1,465.00","0.30K","5.00%"
"10/04/2019","1,400.00","1,400.00","1,400.00","1,400.00","0.08K","2.00%"
"10/03/2019","1,372.61","1,372.61","1,372.61","1,350.00","2.82K","5.00%"
"10/02/2019","1,307.25","1,221.00","1,307.25","1,221.00","48.24K","5.00%"
"10/01/2019","1,245.00","1,210.00","1,250.00","1,201.00","0.10K","3.75%"
"09/30/2019","1,200.00","1,200.00","1,201.00","1,200.00","5.46K","0.00%"
"09/27/2019","1,200.00","1,200.00","1,200.00","1,199.99","0.16K","0.00%"
"09/26/2019","1,200.00","1,200.00","1,200.00","1,200.00","2.46K","0.00%"
"09/25/2019","1,200.00","1,200.00","1,200.00","1,200.00","0.72K","0.00%"
"09/23/2019","1,200.00","1,200.00","1,200.00","1,199.99","2.68K","0.00%"
"09/20/2019","1,200.00","1,201.01","1,201.01","1,200.00","1.32K","0.38%"
"09/19/2019","1,195.50","1,200.00","1,200.00","1,191.00","3.28K","-0.38%"
"09/18/2019","1,200.00","1,211.00","1,212.00","1,200.00","0.42K","-4.76%"
"09/17/2019","1,260.00","1,200.00","1,260.00","1,190.00","0.10K","5.00%"
"09/16/2019","1,200.00","1,200.00","1,200.00","1,199.00","0.18K","-0.08%"
"09/13/2019","1,201.00","1,205.10","1,205.10","1,190.00","35.82K","-0.01%"
"09/12/2019","1,201.09","1,195.00","1,225.00","1,195.00","16.32K","0.51%"
"09/11/2019","1,195.00","1,200.00","1,200.00","1,190.00","0.58K","-0.42%"
"09/06/2019","1,200.00","1,200.00","1,200.00","1,200.00","0.04K","-1.64%"
"09/05/2019","1,220.00","1,220.00","1,220.00","1,219.99","0.30K","0.00%"
"09/04/2019","1,220.00","1,220.00","1,220.00","1,220.00","0.02K","0.00%"
"09/03/2019","1,220.00","1,200.00","1,200.00","1,200.00","0.02K","0.00%"
"09/02/2019","1,220.00","1,225.00","1,240.00","1,220.00","0.12K","3.11%"
"08/29/2019","1,183.18","1,260.00","1,260.00","1,180.38","0.18K","-4.77%"
"08/28/2019","1,242.50","1,201.75","1,300.00","1,201.75","0.16K","-1.78%"
"08/27/2019","1,265.00","1,300.00","1,300.00","1,240.00","0.12K","1.45%"
"08/23/2019","1,246.88","1,200.00","1,200.00","1,200.00","0.02K","0.00%"
"08/22/2019","1,246.88","1,240.00","1,248.76","1,240.00","0.06K","4.84%"
"08/21/2019","1,189.30","1,176.00","1,189.38","1,176.00","0.46K","4.99%"
"08/20/2019","1,132.75","1,122.56","1,180.00","1,116.41","0.54K","-3.61%"
"08/19/2019","1,175.16","1,180.00","1,180.00","1,175.16","0.56K","-5.00%"
"08/16/2019","1,237.01","1,201.56","1,201.56","1,201.56","0.02K","0.00%"
"08/07/2019","1,237.01","1,240.00","1,242.10","1,235.01","0.40K","-4.85%"
"08/02/2019","1,300.01","1,300.01","1,300.01","1,300.00","0.06K","0.00%"
"07/31/2019","1,300.03","1,300.05","1,300.05","1,300.00","0.04K","0.00%"
"07/30/2019","1,300.00","1,285.00","1,300.00","1,285.00","0.04K","-3.70%"
"07/25/2019","1,350.00","1,351.01","1,351.01","1,350.00","0.06K","-1.46%"
"07/24/2019","1,369.99","1,369.99","1,369.99","1,369.99","0.06K","-0.73%"
"07/19/2019","1,380.00","1,380.00","1,380.00","1,370.00","1.10K","0.00%"
"07/17/2019","1,380.00","1,380.00","1,380.00","1,378.00","1.00K","0.80%"
"07/11/2019","1,369.00","1,369.00","1,369.00","1,369.00","0.02K","4.66%"
"07/10/2019","1,308.00","1,308.00","1,310.00","1,308.00","0.10K","-1.28%"
"07/08/2019","1,325.00","1,310.00","1,325.00","1,285.00","0.08K","-1.85%"
"07/05/2019","1,350.00","1,350.00","1,350.00","1,350.00","0.12K","0.67%"
"07/04/2019","1,341.02","1,350.00","1,350.00","1,341.02","0.04K","-4.21%"
"07/03/2019","1,400.00","1,439.00","1,439.00","1,400.00","0.14K","-2.78%"
"07/01/2019","1,440.00","1,440.00","1,440.00","1,390.00","0.26K","4.32%"
"06/28/2019","1,380.31","1,400.00","1,400.00","1,350.00","0.34K","0.72%"
"06/27/2019","1,370.45","1,357.00","1,400.00","1,357.00","0.44K","-2.11%"
"06/25/2019","1,400.00","1,336.00","1,400.00","1,400.00","1.12K","4.79%"
"06/24/2019","1,336.00","1,336.00","1,336.00","1,336.00","0.60K","0.00%"
"06/20/2019","1,336.00","1,330.00","1,340.00","1,330.00","0.14K","0.45%"
"06/19/2019","1,330.00","1,330.00","1,330.00","1,330.00","0.02K","1.03%"
"06/18/2019","1,316.50","1,320.00","1,330.00","1,300.00","0.34K","-1.90%"
"06/14/2019","1,342.00","1,341.99","1,342.00","1,341.99","0.04K","2.28%"
"06/13/2019","1,312.10","1,312.10","1,312.10","1,312.10","0.02K","-4.92%"
"06/12/2019","1,380.00","1,311.00","1,380.00","1,311.00","0.12K","0.00%"
"06/11/2019","1,380.00","1,380.00","1,380.00","1,380.00","0.10K","-3.64%"
"06/03/2019","1,432.18","1,432.18","1,432.18","1,432.18","0.02K","5.00%"
"05/29/2019","1,364.00","1,349.00","1,364.00","1,349.00","0.16K","4.92%"
"05/28/2019","1,300.01","1,275.00","1,300.01","1,275.00","0.08K","2.36%"
"05/27/2019","1,270.00","1,270.00","1,270.00","1,270.00","0.04K","-2.31%"
"05/24/2019","1,300.00","1,298.01","1,300.00","1,266.18","0.16K","-0.68%"
"05/23/2019","1,308.88","1,210.00","1,317.75","1,210.00","0.60K","4.29%"
"05/22/2019","1,255.00","1,250.00","1,288.00","1,250.00","0.14K","2.24%"
"05/21/2019","1,227.50","1,231.00","1,231.00","1,218.00","0.12K","-4.25%"
"05/20/2019","1,282.00","1,280.00","1,290.00","1,200.01","0.18K","1.57%"
"05/17/2019","1,262.13","1,290.00","1,290.00","1,230.00","0.22K","-2.16%"
"05/16/2019","1,290.00","1,273.00","1,290.00","1,273.00","0.98K","-3.73%"
"05/15/2019","1,340.00","1,254.00","1,345.00","1,254.00","0.18K","1.52%"
"05/14/2019","1,320.00","1,350.00","1,350.00","1,320.00","0.08K","-2.58%"
"05/13/2019","1,355.00","1,357.00","1,360.25","1,355.00","0.22K","-3.21%"
"05/09/2019","1,400.00","1,400.00","1,415.00","1,400.00","0.16K","3.70%"
"05/08/2019","1,350.00","1,350.00","1,350.00","1,349.00","0.24K","-3.57%"
"05/07/2019","1,400.00","1,400.00","1,400.00","1,335.00","0.06K","-0.36%"
"05/06/2019","1,405.00","1,410.00","1,410.00","1,405.00","0.06K","0.36%"
"05/03/2019","1,400.00","1,400.00","1,400.00","1,400.00","0.04K","-0.99%"
"05/02/2019","1,414.00","1,430.00","1,430.00","1,411.00","0.10K","-1.19%"
"04/30/2019","1,431.00","1,490.00","1,490.00","1,431.00","0.04K","-2.59%"
"04/29/2019","1,469.00","1,400.00","1,540.00","1,400.00","0.84K","-0.14%"
"04/26/2019","1,471.08","1,501.00","1,501.00","1,471.08","0.58K","-5.00%"
"04/25/2019","1,548.50","1,548.50","1,548.50","1,548.50","1.82K","-5.00%"
"04/23/2019","1,630.00","1,655.00","1,655.00","1,630.00","0.14K","-2.42%"
"04/19/2019","1,670.50","1,627.00","1,684.00","1,622.00","0.22K","2.99%"
"04/18/2019","1,622.00","1,630.00","1,630.00","1,620.00","0.10K","-0.64%"
"04/17/2019","1,632.50","1,631.01","1,635.00","1,631.01","0.34K","-0.44%"
"04/16/2019","1,639.68","1,600.00","1,659.00","1,600.00","1.76K","-1.01%"
"04/15/2019","1,656.37","1,560.00","1,682.76","1,560.00","2.08K","3.35%"
"04/12/2019","1,602.64","1,600.00","1,640.00","1,599.99","0.40K","0.01%"
"04/10/2019","1,602.50","1,605.00","1,605.00","1,600.00","0.08K","-1.08%"
"04/09/2019","1,620.00","1,620.00","1,620.00","1,620.00","0.04K","1.19%"
"04/08/2019","1,601.00","1,650.00","1,650.00","1,601.00","0.04K","-1.78%"
"04/02/2019","1,630.00","1,626.00","1,636.00","1,626.00","0.48K","-1.80%"
"04/01/2019","1,659.95","1,669.99","1,669.99","1,642.01","0.12K","-2.24%"
"03/29/2019","1,698.00","1,698.00","1,698.00","1,698.00","0.02K","2.78%"
"03/28/2019","1,652.08","1,645.00","1,675.00","1,645.00","0.24K","-2.81%"
"03/27/2019","1,699.90","1,680.00","1,699.90","1,680.00","0.06K","1.43%"
"03/26/2019","1,676.00","1,676.00","1,676.00","1,676.00","0.02K","-0.04%"
"03/21/2019","1,676.67","1,700.00","1,701.00","1,675.00","0.14K","-1.95%"
"03/20/2019","1,710.00","1,710.00","1,710.00","1,710.00","0.04K","0.67%"
"03/19/2019","1,698.67","1,651.10","1,701.00","1,651.10","0.18K","-1.81%"
"03/18/2019","1,730.00","1,740.00","1,744.99","1,699.00","0.66K","3.15%"
"03/15/2019","1,677.16","1,699.99","1,699.99","1,630.00","0.66K","-1.31%"
"03/14/2019","1,699.49","1,650.00","1,706.00","1,640.00","3.88K","-0.35%"
"03/13/2019","1,705.44","1,798.00","1,798.00","1,705.44","19.68K","-5.00%"
"03/12/2019","1,795.20","1,775.00","1,799.00","1,771.00","0.28K","-1.63%"
"03/11/2019","1,824.99","1,849.98","1,849.98","1,800.00","0.34K","-0.73%"
"03/08/2019","1,838.45","1,838.00","1,838.45","1,820.00","2.16K","5.00%"
"03/07/2019","1,750.91","1,700.00","1,750.91","1,700.00","2.02K","5.00%"
"03/05/2019","1,667.54","1,625.00","1,700.00","1,625.00","0.50K","1.37%"
"03/04/2019","1,645.00","1,638.00","1,645.00","1,638.00","0.28K","0.70%"
"03/01/2019","1,633.51","1,639.99","1,639.99","1,630.00","0.08K","2.16%"
"02/28/2019","1,599.00","1,598.00","1,600.00","1,594.00","0.30K","4.44%"
"02/27/2019","1,531.00","1,600.00","1,600.00","1,531.00","0.22K","-4.61%"
"02/26/2019","1,605.01","1,600.00","1,668.49","1,600.00","0.08K","0.00%"
"02/25/2019","1,605.00","1,605.00","1,605.00","1,605.00","0.02K","0.31%"
"02/22/2019","1,600.00","1,600.00","1,600.00","1,600.00","0.06K","-0.06%"
"02/20/2019","1,601.00","1,601.00","1,601.00","1,601.00","0.02K","0.06%"
"02/19/2019","1,600.00","1,596.00","1,600.00","1,596.00","0.10K","0.00%"
"02/18/2019","1,600.00","1,625.00","1,625.00","1,600.00","0.06K","-0.34%"
"02/15/2019","1,605.50","1,605.00","1,606.00","1,605.00","0.04K","-0.59%"
"02/14/2019","1,614.99","1,600.00","1,614.99","1,590.00","0.08K","1.57%"
"02/12/2019","1,590.00","1,590.00","1,590.00","1,590.00","0.02K","0.63%"
"02/11/2019","1,580.00","1,650.00","1,650.00","1,580.00","0.04K","-0.63%"
"02/08/2019","1,590.01","1,590.00","1,648.99","1,589.99","0.18K","-0.50%"
"02/07/2019","1,597.99","1,597.99","1,597.99","1,597.99","0.02K","0.31%"
"02/06/2019","1,593.00","1,565.00","1,593.00","1,565.00","0.08K","1.46%"
"02/04/2019","1,570.05","1,600.00","1,600.00","1,560.00","0.26K","-1.56%"
"01/31/2019","1,595.00","1,595.00","1,595.00","1,595.00","0.04K","-0.31%"
"01/30/2019","1,600.00","1,600.00","1,600.00","1,600.00","0.06K","1.27%"
"01/29/2019","1,580.00","1,600.00","1,600.01","1,579.99","0.12K","-0.32%"
"01/28/2019","1,585.00","1,600.00","1,602.00","1,585.00","0.14K","0.00%"
"01/25/2019","1,585.00","1,570.00","1,585.00","1,569.99","0.96K","0.96%"
"01/23/2019","1,570.00","1,560.00","1,570.00","1,560.00","0.04K","0.22%"
"01/22/2019","1,566.50","1,565.00","1,567.99","1,565.00","0.06K","-0.22%"
"01/21/2019","1,569.99","1,569.99","1,569.99","1,569.99","0.04K","1.29%"
"01/18/2019","1,550.00","1,550.00","1,550.00","1,550.00","0.02K","0.97%"
"01/17/2019","1,535.10","1,535.10","1,535.10","1,535.10","0.02K","-0.96%"
"01/16/2019","1,550.00","1,550.00","1,550.00","1,540.00","0.10K","-1.15%"
"01/15/2019","1,568.00","1,568.00","1,568.00","1,568.00","0.02K","1.16%"
"01/14/2019","1,550.00","1,527.00","1,550.00","1,522.23","0.14K","0.65%"
"01/09/2019","1,540.00","1,530.00","1,540.00","1,530.00","0.04K","0.92%"
"01/08/2019","1,526.00","1,549.00","1,549.00","1,526.00","0.18K","-1.23%"
"01/07/2019","1,545.00","1,545.00","1,545.00","1,545.00","0.02K","0.32%"
"01/04/2019","1,540.00","1,549.99","1,549.99","1,540.00","0.10K","-0.32%"
"01/03/2019","1,545.00","1,545.00","1,545.00","1,545.00","0.02K","-0.32%"
"01/02/2019","1,550.00","1,550.00","1,550.00","1,550.00","0.02K","0.32%"
"12/28/2018","1,545.00","1,526.00","1,545.00","1,526.00","0.10K","1.51%"
"12/27/2018","1,522.00","1,530.00","1,530.00","1,522.00","0.06K","0.79%"
"12/26/2018","1,510.00","1,510.10","1,510.10","1,510.00","0.04K","-2.45%"
"12/24/2018","1,548.00","1,548.00","1,548.00","1,548.00","0.02K","1.64%"
"12/20/2018","1,523.00","1,523.00","1,523.00","1,523.00","0.04K","-0.13%"
"12/18/2018","1,525.00","1,521.00","1,530.00","1,521.00","0.08K","0.13%"
"12/14/2018","1,523.00","1,525.00","1,535.00","1,515.00","0.14K","-0.35%"
"12/13/2018","1,528.42","1,560.00","1,560.00","1,525.01","0.08K","-2.52%"
"12/11/2018","1,568.00","1,550.01","1,568.00","1,550.01","0.06K","-0.13%"
"12/10/2018","1,570.00","1,570.00","1,570.00","1,570.00","0.08K","2.61%"
"12/07/2018","1,530.00","1,549.00","1,549.00","1,501.01","0.14K","0.99%"
"12/06/2018","1,515.00","1,515.00","1,515.00","1,500.00","0.18K","-1.75%"
"12/05/2018","1,542.00","1,542.00","1,542.00","1,542.00","0.04K","-2.41%"
"12/04/2018","1,580.00","1,580.00","1,580.00","1,550.00","0.14K","2.60%"
"12/03/2018","1,540.00","1,546.00","1,546.00","1,530.01","0.06K","-3.51%"
"11/30/2018","1,596.00","1,596.00","1,596.00","1,596.00","0.04K","0.25%"
"11/29/2018","1,592.00","1,592.01","1,592.01","1,592.00","0.16K","0.13%"
"11/28/2018","1,590.00","1,590.00","1,590.00","1,590.00","0.12K","-0.01%"
"11/27/2018","1,590.17","1,576.00","1,591.00","1,575.00","0.38K","-0.92%"
"11/26/2018","1,605.00","1,600.00","1,605.00","1,600.00","0.22K","0.31%"
"11/23/2018","1,600.00","1,595.00","1,600.00","1,595.00","0.06K","-0.31%"
"11/22/2018","1,605.00","1,611.50","1,612.00","1,571.01","0.56K","-0.50%"
"11/20/2018","1,613.02","1,610.10","1,616.00","1,610.10","0.14K","-0.12%"
"11/19/2018","1,615.00","1,614.90","1,615.01","1,614.00","0.60K","-0.38%"
"11/16/2018","1,621.18","1,650.00","1,669.99","1,612.01","0.56K","0.38%"
"11/15/2018","1,615.00","1,600.01","1,620.00","1,600.12","0.84K","0.02%"
"11/14/2018","1,614.75","1,625.00","1,625.00","1,609.00","0.32K","-4.73%"
"11/13/2018","1,695.00","1,690.01","1,695.01","1,690.00","2.06K","0.00%"
"11/12/2018","1,695.00","1,695.00","1,695.00","1,693.00","0.96K","0.00%"
"11/09/2018","1,695.00","1,681.13","1,695.00","1,681.13","0.60K","0.00%"
"11/08/2018","1,695.00","1,695.00","1,695.00","1,690.00","1.82K","-0.29%"
"11/07/2018","1,699.99","1,690.02","1,715.00","1,690.02","0.68K","0.32%"
"11/06/2018","1,694.50","1,700.00","1,700.00","1,681.00","1.24K","0.27%"
"11/05/2018","1,690.00","1,690.00","1,700.00","1,690.00","0.50K","-0.59%"
"11/02/2018","1,700.00","1,769.98","1,784.97","1,691.01","2.04K","0.00%"
"11/01/2018","1,700.00","1,695.00","1,795.88","1,695.00","0.54K","-0.66%"
"10/31/2018","1,711.37","1,720.00","1,743.01","1,711.37","0.68K","-5.00%"
"10/30/2018","1,801.44","1,991.04","1,991.06","1,801.44","1.40K","-5.00%"
"10/29/2018","1,896.25","1,900.00","1,900.00","1,826.01","0.30K","-0.11%"
"10/26/2018","1,898.33","1,890.00","1,899.00","1,890.00","0.12K","2.33%"
"10/25/2018","1,855.02","1,870.00","1,890.00","1,855.01","0.22K","1.64%"
"10/24/2018","1,825.00","1,825.00","1,825.00","1,825.00","0.02K","0.83%"
"10/23/2018","1,810.00","1,800.00","1,835.00","1,800.00","0.56K","-0.82%"
"10/22/2018","1,824.99","1,731.00","1,824.99","1,725.00","0.08K","2.53%"
"10/19/2018","1,780.00","1,760.00","1,780.00","1,760.00","0.06K","3.49%"
"10/18/2018","1,720.00","1,717.00","1,720.00","1,717.00","0.04K","1.08%"
"10/17/2018","1,701.60","1,700.00","1,750.00","1,700.00","1.18K","1.29%"
"10/16/2018","1,680.00","1,680.00","1,680.00","1,680.00","0.04K","0.02%"
"10/15/2018","1,679.68","1,600.11","1,680.00","1,600.11","0.56K","2.37%"
"10/12/2018","1,640.78","1,769.99","1,769.99","1,631.01","0.30K","-3.82%"
"10/11/2018","1,706.00","1,724.99","1,724.99","1,687.01","0.06K","2.62%"
"10/10/2018","1,662.50","1,700.01","1,710.00","1,662.50","0.24K","-5.00%"
"10/09/2018","1,750.00","1,806.00","1,806.00","1,750.00","0.06K","1.74%"
"10/08/2018","1,720.00","1,786.00","1,786.00","1,720.00","0.10K","-4.18%"
"10/05/2018","1,795.00","1,786.00","1,845.00","1,786.00","0.12K","-4.47%"
"10/02/2018","1,879.00","1,879.00","1,879.00","1,879.00","0.02K","1.08%"
"10/01/2018","1,859.00","1,859.00","1,859.00","1,859.00","0.02K","1.86%"
"09/28/2018","1,825.00","1,825.00","1,825.00","1,815.00","0.68K","-0.82%"
"09/26/2018","1,840.01","1,840.01","1,840.01","1,840.01","0.02K","-1.34%"
"09/24/2018","1,865.00","1,850.01","1,865.00","1,850.01","0.06K","-0.80%"
"09/19/2018","1,880.00","1,890.00","1,890.00","1,880.00","0.18K","1.59%"
"09/18/2018","1,850.51","1,840.00","1,880.00","1,840.00","0.16K","0.57%"
"09/17/2018","1,839.99","1,801.08","1,839.99","1,801.08","0.08K","0.55%"
"09/14/2018","1,830.00","1,845.00","1,845.00","1,830.00","0.04K","-0.54%"
"09/13/2018","1,840.00","1,800.00","1,840.00","1,765.00","0.22K","2.22%"
"09/11/2018","1,800.01","1,800.01","1,805.00","1,800.01","0.06K","-1.10%"
"09/10/2018","1,820.00","1,820.00","1,821.00","1,820.00","0.08K","0.95%"
"09/07/2018","1,802.80","1,890.00","1,890.00","1,800.00","0.16K","-1.49%"
"09/05/2018","1,830.01","1,835.01","1,835.01","1,830.00","0.08K","-1.08%"
"09/03/2018","1,850.00","1,840.00","1,850.00","1,840.00","0.08K","0.00%"
"08/31/2018","1,850.00","1,815.00","1,899.99","1,815.00","0.34K","2.07%"
"08/30/2018","1,812.50","1,819.00","1,820.00","1,812.00","0.94K","0.03%"
"08/29/2018","1,812.00","1,820.00","1,825.00","1,812.00","0.44K","-2.84%"
"08/28/2018","1,865.00","1,865.00","1,865.00","1,865.00","0.08K","0.00%"
"08/27/2018","1,865.00","1,875.00","1,889.99","1,865.00","0.22K","0.00%"
"08/24/2018","1,865.00","1,910.00","1,930.00","1,865.00","0.10K","-1.69%"
"08/20/2018","1,896.98","1,896.98","1,896.98","1,896.98","0.04K","4.17%"
"08/17/2018","1,821.01","1,860.00","1,860.00","1,821.01","0.04K","-0.63%"
"08/16/2018","1,832.51","1,850.00","1,898.94","1,825.00","0.08K","-3.45%"
"08/15/2018","1,897.98","1,870.00","1,897.98","1,870.00","0.04K","2.59%"
"08/13/2018","1,850.00","1,850.00","1,851.00","1,850.00","0.50K","-2.63%"
"08/10/2018","1,899.98","1,900.00","1,900.00","1,860.00","0.32K","0.00%"
"08/09/2018","1,899.89","1,899.89","1,899.89","1,899.89","0.02K","3.25%"
"08/07/2018","1,840.00","1,840.00","1,840.00","1,840.00","0.02K","-0.54%"
"08/02/2018","1,850.00","1,820.00","1,850.00","1,820.00","0.12K","-1.60%"
"08/01/2018","1,880.00","1,879.00","1,880.00","1,879.00","0.12K","2.79%"
"07/31/2018","1,829.00","1,860.01","1,870.02","1,829.00","0.36K","-3.31%"
"07/30/2018","1,891.70","1,900.00","1,900.00","1,890.00","0.48K","-0.44%"
"07/27/2018","1,900.00","1,900.00","1,900.00","1,900.00","0.02K","0.35%"
"07/26/2018","1,893.35","1,900.00","1,900.00","1,880.00","0.80K","-1.24%"
"07/24/2018","1,917.10","1,940.00","1,940.00","1,911.00","0.24K","-0.67%"
"07/23/2018","1,930.00","1,930.00","1,930.00","1,930.00","0.04K","3.76%"
"07/20/2018","1,860.00","1,880.00","1,880.00","1,860.00","0.06K","-0.53%"
"07/18/2018","1,870.00","1,870.00","1,870.00","1,870.00","0.04K","0.00%"
"07/16/2018","1,870.00","1,830.00","1,870.00","1,815.10","0.24K","0.64%"
"07/13/2018","1,858.20","1,880.00","1,885.01","1,840.00","0.20K","0.44%"
"07/11/2018","1,850.00","1,875.00","1,880.00","1,850.00","0.14K","1.09%"
"07/05/2018","1,830.00","1,830.00","1,830.00","1,830.00","0.02K","-1.61%"
"07/04/2018","1,860.00","1,860.00","1,860.00","1,850.00","0.10K","-2.11%"
"07/03/2018","1,900.00","1,900.00","1,900.00","1,900.00","0.14K","1.06%"
"07/02/2018","1,880.00","1,900.00","1,900.00","1,880.00","0.12K","-1.05%"
"06/29/2018","1,900.00","1,867.00","1,900.00","1,867.00","0.86K","0.00%"
"06/28/2018","1,900.00","1,805.00","1,900.00","1,805.00","0.12K","0.11%"
"06/27/2018","1,898.00","1,930.00","1,930.00","1,898.00","0.12K","1.52%"
"06/26/2018","1,869.61","1,900.00","1,900.00","1,865.01","0.88K","-1.58%"
"06/25/2018","1,899.67","1,940.00","1,940.00","1,899.00","0.14K","-0.02%"
"06/22/2018","1,900.00","1,900.00","1,900.00","1,900.00","0.06K","0.00%"
"06/21/2018","1,900.00","1,950.00","1,950.00","1,897.50","0.18K","-2.65%"
"06/19/2018","1,951.75","1,960.00","1,960.00","1,950.00","0.10K","0.09%"
"06/13/2018","1,950.00","1,950.00","1,950.00","1,950.00","0.02K","0.00%"
"06/11/2018","1,950.00","1,990.10","1,990.10","1,930.00","0.16K","0.00%"
"06/07/2018","1,950.00","1,950.00","1,950.00","1,882.01","1.14K","-0.33%"
"06/06/2018","1,956.50","1,950.00","1,990.00","1,941.00","0.56K","-2.13%"
"06/05/2018","1,999.07","2,000.00","2,000.00","1,997.50","2.02K","-0.05%"
"06/04/2018","2,000.00","2,000.00","2,100.00","2,000.00","1.34K","-1.72%"
"06/01/2018","2,035.00","2,095.00","2,095.00","2,020.00","0.10K","1.75%"
"05/31/2018","2,000.00","2,000.01","2,010.00","1,999.00","0.90K","-3.38%"
"05/30/2018","2,069.99","2,070.00","2,071.00","2,069.99","0.58K","-0.43%"
"05/29/2018","2,079.00","2,001.00","2,088.00","2,050.00","0.72K","3.76%"
"05/28/2018","2,003.67","2,000.00","2,050.00","2,000.00","0.96K","-2.26%"
"05/25/2018","2,050.00","2,050.00","2,050.00","2,050.00","0.04K","-0.41%"
"05/24/2018","2,058.53","2,100.00","2,081.00","2,041.55","0.32K","-4.21%"
"05/23/2018","2,149.00","2,125.00","2,150.00","2,120.00","0.16K","-0.05%"
"05/22/2018","2,150.00","2,199.00","2,200.00","2,057.67","0.54K","-0.74%"
"05/21/2018","2,165.96","2,200.00","2,329.00","2,165.05","0.82K","-4.96%"
"05/18/2018","2,279.00","2,279.00","2,279.00","2,279.00","0.02K","1.33%"
"05/17/2018","2,248.99","2,264.99","2,264.99","2,198.00","0.10K","3.88%"
"05/16/2018","2,165.00","2,198.00","2,198.00","2,165.00","0.08K","-3.35%"
"05/15/2018","2,240.00","2,309.99","2,309.99","2,092.71","0.34K","1.69%"
"05/14/2018","2,202.85","2,210.00","2,299.99","2,202.85","0.52K","-5.00%"
"05/11/2018","2,318.78","2,310.00","2,389.99","2,307.55","0.18K","-4.54%"
"05/10/2018","2,429.00","2,429.00","2,429.00","2,429.00","0.02K","1.89%"
"05/09/2018","2,383.99","2,375.00","2,383.99","2,350.00","0.38K","-0.56%"
"05/08/2018","2,397.50","2,397.50","2,397.50","2,397.50","0.02K","-0.06%"
"05/07/2018","2,399.00","2,399.00","2,399.00","2,399.00","0.02K","0.38%"
"05/03/2018","2,390.00","2,300.00","2,390.00","2,291.00","0.14K","-0.42%"
"04/30/2018","2,399.99","2,424.00","2,424.00","2,345.00","0.14K","0.00%"
"04/27/2018","2,399.98","2,449.00","2,449.00","2,399.98","0.10K","0.55%"
"04/26/2018","2,386.77","2,392.00","2,598.00","2,386.77","1.70K","-5.00%"
"04/25/2018","2,512.38","2,513.00","2,550.00","2,512.38","0.74K","-5.00%"
"04/24/2018","2,644.61","2,781.00","2,781.00","2,641.95","1.08K","-4.90%"
"04/23/2018","2,781.00","2,615.00","2,888.51","2,615.00","0.06K","1.09%"
"04/20/2018","2,751.00","2,711.00","2,949.99","2,711.00","0.06K","-2.10%"
"04/19/2018","2,810.00","2,800.00","2,825.00","2,800.00","0.06K","2.18%"
"04/17/2018","2,750.00","2,650.00","2,882.25","2,650.00","0.08K","0.18%"
"04/16/2018","2,745.00","2,657.00","2,750.00","2,657.00","0.06K","-1.70%"
"04/13/2018","2,792.50","2,732.00","2,795.00","2,732.00","0.08K","-2.59%"
"04/12/2018","2,866.67","2,843.24","2,954.99","2,850.00","1.02K","-0.29%"
"04/11/2018","2,875.00","2,990.00","2,990.00","2,845.00","0.74K","-3.33%"
"04/10/2018","2,974.00","2,974.00","2,974.00","2,974.00","0.02K","0.05%"
"04/09/2018","2,972.55","3,050.00","3,050.00","2,972.55","0.06K","-5.00%"
"04/06/2018","3,129.00","3,137.00","3,137.00","3,129.00","0.06K","4.30%"
"04/04/2018","3,000.00","3,143.00","3,143.00","3,000.00","0.14K","-1.41%"
"04/03/2018","3,043.00","3,043.00","3,043.00","3,043.00","0.02K","3.50%"
"04/02/2018","2,940.00","2,850.00","2,974.00","2,811.00","0.08K","3.25%"
"03/30/2018","2,847.50","2,800.00","2,900.00","2,800.00","0.18K","2.22%"
"03/29/2018","2,785.57","2,838.99","2,838.99","2,779.99","0.16K","1.94%"
"03/28/2018","2,732.62","2,739.00","2,750.00","2,699.99","0.28K","-0.15%"
"03/27/2018","2,736.80","2,809.99","2,809.99","2,660.00","0.32K","1.67%"
"03/26/2018","2,691.80","2,699.00","2,760.00","2,650.00","0.50K","-0.23%"
"03/22/2018","2,698.00","2,680.00","2,745.99","2,680.00","0.98K","-2.44%"
"03/21/2018","2,765.55","2,713.05","2,775.00","2,712.00","0.24K","-3.11%"
"03/20/2018","2,854.37","2,854.37","2,995.00","2,854.37","0.38K","-5.00%"
"03/19/2018","3,004.60","2,861.01","3,042.00","2,861.01","0.10K","0.15%"
"03/16/2018","3,000.00","3,000.00","3,001.00","3,000.00","0.06K","0.16%"
"03/15/2018","2,995.17","2,980.00","2,999.00","2,980.00","0.12K","3.28%"
"03/14/2018","2,900.00","3,049.98","3,049.98","2,900.00","0.04K","-0.98%"
"03/08/2018","2,928.83","2,836.00","2,939.00","2,835.75","0.44K","-1.88%"
"03/07/2018","2,985.00","2,985.00","2,985.00","2,985.00","0.02K","2.58%"
"03/06/2018","2,910.00","2,923.18","2,923.18","2,910.00","0.04K","4.53%"
"03/05/2018","2,784.00","2,787.80","2,787.80","2,600.00","0.24K","4.86%"
"03/02/2018","2,655.05","2,626.00","2,700.00","2,626.00","0.08K","-3.80%"
"03/01/2018","2,760.00","2,760.00","2,760.00","2,760.00","0.02K","-4.81%"
"02/28/2018","2,899.60","2,964.98","2,964.98","2,690.00","0.40K","2.64%"
"02/26/2018","2,824.99","2,824.99","2,824.99","2,824.99","0.04K","4.38%"
"02/23/2018","2,706.50","2,713.25","2,713.25","2,700.00","0.48K","4.74%"
"02/22/2018","2,584.05","2,584.05","2,584.05","2,584.05","0.08K","5.00%"
"02/19/2018","2,461.00","2,461.00","2,461.00","2,461.00","0.02K","0.45%"
"02/15/2018","2,450.00","2,450.00","2,450.00","2,450.00","0.10K","-2.00%"
"02/09/2018","2,500.00","2,500.00","2,500.00","2,499.00","0.12K","1.01%"
"02/07/2018","2,475.00","2,441.00","2,499.00","2,440.00","0.14K","-0.96%"
"02/06/2018","2,499.00","2,499.00","2,499.00","2,499.00","0.02K","0.00%"
"01/31/2018","2,499.00","2,499.00","2,499.00","2,499.00","0.02K","4.00%"
"01/29/2018","2,403.00","2,500.00","2,500.00","2,403.00","0.04K","-3.88%"
"01/26/2018","2,500.00","2,500.00","2,500.00","2,500.00","0.02K","0.00%"
"01/25/2018","2,500.00","2,500.00","2,500.00","2,500.00","0.04K","-0.79%"
"01/24/2018","2,520.00","2,520.00","2,520.00","2,520.00","0.02K","0.80%"
"01/23/2018","2,500.00","2,400.00","2,500.00","2,400.00","0.04K","0.00%"
"01/22/2018","2,500.00","2,497.00","2,500.00","2,497.00","1.54K","3.05%"
"01/19/2018","2,426.01","2,403.00","2,426.01","2,403.00","0.06K","-2.96%"
"01/18/2018","2,500.00","2,500.00","2,500.00","2,500.00","0.08K","-0.79%"
"01/17/2018","2,520.00","2,507.98","2,520.00","2,507.98","0.08K","5.00%"
"01/15/2018","2,400.00","2,400.00","2,400.00","2,400.00","0.02K","-4.76%"
"01/11/2018","2,520.00","2,520.00","2,520.00","2,520.00","0.04K","0.00%"
"01/10/2018","2,520.00","2,450.00","2,540.00","2,450.00","0.08K","2.86%"
"01/09/2018","2,450.00","2,450.00","2,450.00","2,450.00","0.02K","-1.87%"
"01/08/2018","2,496.66","2,511.00","2,594.00","2,490.00","0.56K","-4.10%"
"01/04/2018","2,603.27","2,625.00","2,625.00","2,599.00","0.30K","0.13%"
"01/02/2018","2,600.00","2,700.00","2,700.00","2,600.00","0.62K","0.98%"
"01/01/2018","2,574.88","2,574.80","2,574.88","2,570.00","2.32K","5.00%"